OID_,Field1,Pt_name,North,East,Depth_applied_elevation,Secondary_depth_applied_elevation,Code,Latency
23,22,SAG_BATH_00000,7399706.543999999761581,407875.821999999985565,-5.694,,,0
24,23,SAG_BATH_00001,7399707.040000000037253,407875.358999999996740,-5.4,,,0
25,24,SAG_BATH_00002,7399707.582000000402331,407875.021000000007916,-5.19,,,0
26,25,SAG_BATH_00003,7399708.122000000439584,407874.750000000000000,-5.152,,,0
27,26,SAG_BATH_00004,7399708.668999999761581,407874.762999999977183,-5.151,,,0
28,27,SAG_BATH_00005,7399709.299999999813735,407874.739000000001397,-5.325,,,0
29,28,SAG_BATH_00006,7399709.718999999575317,407874.414999999979045,-5.188,,,0
30,29,SAG_BATH_00007,7399710.282999999821186,407874.103000000002794,-4.86,,,0
31,30,SAG_BATH_00008,7399710.750000000000000,407873.806999999971595,-20.603,,,0
32,31,SAG_BATH_00009,7399711.196000000461936,407873.403999999980442,-5.182,,,0
33,32,SAG_BATH_00010,7399711.793999999761581,407873.076999999990221,-4.833,,,0
34,33,SAG_BATH_00011,7399712.314000000245869,407872.793000000005122,-4.875,,,0
35,34,SAG_BATH_00012,7399712.860000000335276,407872.438000000023749,-4.919,,,0
36,35,SAG_BATH_00013,7399713.450000000186265,407872.093999999982771,-17.626,,,0
37,36,SAG_BATH_00014,7399713.923999999649823,407871.852000000013504,-0.795,,,0
38,37,SAG_BATH_00015,7399714.389000000432134,407871.606000000028871,-4.804,,,0
39,38,SAG_BATH_00016,7399714.854000000283122,407871.336000000010245,-5.035,,,0
40,39,SAG_BATH_00017,7399715.259999999776483,407871.025000000023283,-4.867,,,0
41,40,SAG_BATH_00018,7399715.819000000134110,407870.538000000000466,-4.828,,,0
42,41,SAG_BATH_00019,7399716.243999999947846,407870.096000000019558,-4.787,,,0
43,42,SAG_BATH_00020,7399716.661000000312924,407869.619000000006054,-4.865,,,0
44,43,SAG_BATH_00021,7399717.230999999679625,407869.520000000018626,-4.77,,,0
45,44,SAG_BATH_00022,7399717.786999999545515,407869.509000000020023,-5.049,,,0
46,45,SAG_BATH_00023,7399718.290000000037253,407869.386999999987893,-5.691,,,0
47,46,SAG_BATH_00024,7399718.798000000417233,407869.020000000018626,-5.272,,,0
48,47,SAG_BATH_00025,7399719.342000000178814,407868.489999999990687,-0.592,,,0
49,48,SAG_BATH_00026,7399719.708999999798834,407868.059999999997672,-0.576,,,0
50,49,SAG_BATH_00027,7399720.088000000454485,407867.576999999990221,-5.272,,,0
51,50,SAG_BATH_00028,7399720.455000000074506,407867.134000000020023,-5.685,,,0
52,51,SAG_BATH_00029,7399720.936999999918044,407866.647999999986496,-4.178,,,0
53,52,SAG_BATH_00030,7399721.462000000290573,407866.440999999991618,-4.531,,,0
54,53,SAG_BATH_00031,7399722.065000000409782,407866.461999999999534,-5.08,,,0
55,54,SAG_BATH_00032,7399722.501000000163913,407866.836999999999534,-5.414,,,0
56,55,SAG_BATH_00033,7399722.922000000253320,407867.277000000001863,-5.227,,,0
57,56,SAG_BATH_00034,7399723.404000000096858,407867.581999999994878,-5.142,,,0
58,57,SAG_BATH_00035,7399723.991000000387430,407867.563000000023749,-4.825,,,0
59,58,SAG_BATH_00036,7399724.622999999672174,407867.283999999985099,-4.761,,,0
60,59,SAG_BATH_00037,7399725.201999999582767,407866.827999999979511,-0.583,,,0
61,60,SAG_BATH_00038,7399725.815000000409782,407866.416000000026543,-4.415,,,0
62,61,SAG_BATH_00039,7399726.391999999992549,407866.017999999981839,-4.317,,,0
63,62,SAG_BATH_00040,7399726.809000000357628,407865.740999999979977,-4.187,,,0
64,63,SAG_BATH_00041,7399727.394000000320375,407865.804999999993015,-4.367,,,0
65,64,SAG_BATH_00042,7399727.868999999947846,407865.995999999984633,-4.383,,,0
66,65,SAG_BATH_00043,7399728.366000000387430,407866.326000000000931,-4.463,,,0
67,66,SAG_BATH_00044,7399728.849000000394881,407866.705000000016298,-4.68,,,0
68,67,SAG_BATH_00045,7399729.490000000223517,407866.842000000004191,-4.723,,,0
69,68,SAG_BATH_00046,7399730.047000000253320,407866.587999999988824,-4.598,,,0
70,69,SAG_BATH_00047,7399730.500000000000000,407866.270000000018626,-4.803,,,0
71,70,SAG_BATH_00048,7399731.118999999947846,407865.987000000022817,-4.703,,,0
72,71,SAG_BATH_00049,7399731.668999999761581,407865.776000000012573,-4.916,,,0
73,72,SAG_BATH_00050,7399732.240000000223517,407865.545999999972992,-0.953,,,0
74,73,SAG_BATH_00051,7399732.845999999903142,407865.586000000010245,-0.968,,,0
75,74,SAG_BATH_00052,7399733.353000000119209,407865.592999999993481,-5.443,,,0
76,75,SAG_BATH_00053,7399734.024000000208616,407865.635999999998603,-5.761,,,0
77,76,SAG_BATH_00054,7399734.558000000193715,407865.743000000016764,-5.54,,,0
78,77,SAG_BATH_00055,7399735.111999999731779,407865.706000000005588,-5.289,,,0
79,78,SAG_BATH_00056,7399735.658999999985099,407865.722000000008848,-21.231,,,0
80,79,SAG_BATH_00057,7399736.298000000417233,407865.556999999971595,-4.87,,,0
81,80,SAG_BATH_00058,7399736.762000000104308,407865.288000000000466,-4.864,,,0
82,81,SAG_BATH_00059,7399737.282999999821186,407865.000000000000000,-4.802,,,0
83,82,SAG_BATH_00060,7399737.684000000357628,407864.657000000006519,-4.711,,,0
84,83,SAG_BATH_00061,7399738.111999999731779,407864.320000000006985,-4.576,,,0
85,84,SAG_BATH_00062,7399738.785000000149012,407864.054999999993015,-4.224,,,0
86,85,SAG_BATH_00063,7399739.434000000357628,407863.822999999974854,-4.353,,,0
87,86,SAG_BATH_00064,7399740.060999999754131,407863.696999999985565,-4.434,,,0
88,87,SAG_BATH_00065,7399740.677000000141561,407863.721000000019558,-4.26,,,0
89,88,SAG_BATH_00066,7399741.283999999985099,407863.717999999993481,-4.472,,,0
90,89,SAG_BATH_00067,7399741.906000000424683,407863.858999999996740,-4.475,,,0
91,90,SAG_BATH_00068,7399742.434999999590218,407863.917000000015832,-4.563,,,0
92,91,SAG_BATH_00069,7399743.002999999560416,407863.998000000021420,-4.618,,,0
93,92,SAG_BATH_00070,7399743.559000000357628,407864.157000000006519,-4.679,,,0
94,93,SAG_BATH_00071,7399744.067999999970198,407864.268999999971129,-4.977,,,0
95,94,SAG_BATH_00072,7399744.719999999739230,407864.266999999992549,-5.051,,,0
96,95,SAG_BATH_00073,7399745.184000000357628,407864.021000000007916,-4.846,,,0
97,96,SAG_BATH_00074,7399745.697999999858439,407863.732000000018161,-4.71,,,0
98,97,SAG_BATH_00075,7399746.326999999582767,407863.458999999973457,-4.491,,,0
99,98,SAG_BATH_00076,7399746.985999999567866,407863.206999999994878,-1.045,,,0
100,99,SAG_BATH_00077,7399747.702999999746680,407863.177000000025146,-4.468,,,0
101,100,SAG_BATH_00078,7399748.290000000037253,407863.041000000026543,-4.349,,,0
102,101,SAG_BATH_00079,7399748.750000000000000,407862.631999999983236,-4.675,,,0
103,102,SAG_BATH_00080,7399749.242999999783933,407862.146000000007916,-4.299,,,0
104,103,SAG_BATH_00081,7399749.701000000350177,407861.634000000020023,-4.359,,,0
105,104,SAG_BATH_00082,7399750.200000000186265,407861.168999999994412,-1.278,,,0
106,105,SAG_BATH_00083,7399750.827999999746680,407861.129000000015367,-4.316,,,0
107,106,SAG_BATH_00084,7399751.389999999664724,407861.191999999980908,-4.458,,,0
108,107,SAG_BATH_00085,7399751.894999999552965,407861.130999999993946,-4.923,,,0
109,108,SAG_BATH_00086,7399752.524000000208616,407861.094999999972060,-4.915,,,0
110,109,SAG_BATH_00087,7399753.076999999582767,407861.021000000007916,-5.433,,,0
111,110,SAG_BATH_00088,7399753.712000000290573,407860.876999999978580,-5.484,,,0
112,111,SAG_BATH_00089,7399754.294999999925494,407860.412000000011176,-0.827,,,0
113,112,SAG_BATH_00090,7399754.899000000208616,407860.186999999976251,-5.141,,,0
114,113,SAG_BATH_00091,7399755.481999999843538,407860.005999999993946,-4.429,,,0
115,114,SAG_BATH_00092,7399756.029000000096858,407859.809999999997672,-4.512,,,0
116,115,SAG_BATH_00093,7399756.531000000424683,407859.635000000009313,-4.399,,,0
117,116,SAG_BATH_00094,7399757.127000000327826,407859.521000000007916,-4.079,,,0
118,117,SAG_BATH_00095,7399757.769000000320375,407859.319000000017695,-3.792,,,0
119,118,SAG_BATH_00096,7399758.300999999977648,407859.026000000012573,-3.785,,,0
120,119,SAG_BATH_00097,7399758.764999999664724,407858.568000000028405,-0.62,,,0
121,120,SAG_BATH_00098,7399759.321000000461936,407858.121999999973923,-0.561,,,0
122,121,SAG_BATH_00099,7399759.798000000417233,407857.724999999976717,-3.594,,,0
123,122,SAG_BATH_00100,7399760.327999999746680,407857.548000000009779,-3.799,,,0
124,123,SAG_BATH_00101,7399760.833999999798834,407857.750999999989290,-3.778,,,0
125,124,SAG_BATH_00102,7399761.343999999575317,407857.887999999977183,-3.84,,,0
126,125,SAG_BATH_00103,7399761.765999999828637,407858.156000000017229,-1.193,,,0
127,126,SAG_BATH_00104,7399762.298999999649823,407858.121999999973923,-3.975,,,0
128,127,SAG_BATH_00105,7399762.814000000245869,407858.059000000008382,-3.851,,,0
129,128,SAG_BATH_00106,7399763.401999999769032,407857.811999999976251,-3.865,,,0
130,129,SAG_BATH_00107,7399763.949000000022352,407857.380000000004657,-4.035,,,0
131,130,SAG_BATH_00108,7399764.468000000342727,407857.148999999975786,-3.906,,,0
132,131,SAG_BATH_00109,7399764.923999999649823,407856.858000000007451,-1.019,,,0
133,132,SAG_BATH_00110,7399765.473000000230968,407856.590000000025611,-0.91,,,0
134,133,SAG_BATH_00111,7399766.093999999575317,407856.681999999971595,-5.125,,,0
135,134,SAG_BATH_00112,7399766.680999999865890,407856.890000000013970,-5.29,,,0
136,135,SAG_BATH_00113,7399767.285000000149012,407856.999000000010710,-4.928,,,0
137,136,SAG_BATH_00114,7399767.864000000059605,407856.841000000014901,-5.423,,,0
138,137,SAG_BATH_00115,7399768.333999999798834,407856.384000000020023,-0.892,,,0
139,138,SAG_BATH_00116,7399768.949000000022352,407856.250000000000000,-0.921,,,0
140,139,SAG_BATH_00117,7399769.486999999731779,407856.098999999987427,-4.126,,,0
141,140,SAG_BATH_00118,7399770.044999999925494,407855.903999999980442,-3.855,,,0
142,141,SAG_BATH_00119,7399770.546000000089407,407855.802000000025146,-3.834,,,0
143,142,SAG_BATH_00120,7399771.100999999791384,407855.645000000018626,-3.753,,,0
144,143,SAG_BATH_00121,7399771.627999999560416,407855.566999999980908,-3.756,,,0
145,144,SAG_BATH_00122,7399772.211000000126660,407855.631999999983236,-3.424,,,0
146,145,SAG_BATH_00123,7399772.707000000402331,407855.977000000013504,-3.476,,,0
147,146,SAG_BATH_00124,7399773.129999999888241,407856.341000000014901,-3.543,,,0
148,147,SAG_BATH_00125,7399773.701000000350177,407856.436999999976251,-3.297,,,0
149,148,SAG_BATH_00126,7399774.262000000104308,407856.152000000001863,-3.057,,,0
150,149,SAG_BATH_00127,7399774.678000000305474,407855.738000000012107,-3.321,,,0
151,150,SAG_BATH_00128,7399775.143000000156462,407855.268999999971129,-3.493,,,0
152,151,SAG_BATH_00129,7399775.601999999955297,407854.825000000011642,-3.451,,,0
153,152,SAG_BATH_00130,7399776.032999999821186,407854.406000000017229,-0.716,,,0
154,153,SAG_BATH_00131,7399776.484000000171363,407854.023999999975786,-3.474,,,0
155,154,SAG_BATH_00132,7399776.911000000312924,407853.715000000025611,-3.449,,,0
156,155,SAG_BATH_00133,7399777.385999999940395,407853.349999999976717,-3.275,,,0
157,156,SAG_BATH_00134,7399777.882000000216067,407853.120999999984633,-3.384,,,0
158,157,SAG_BATH_00135,7399778.421000000089407,407852.976000000024214,-3.106,,,0
159,158,SAG_BATH_00136,7399779.002000000327826,407853.239999999990687,-3.26,,,0
160,159,SAG_BATH_00137,7399779.378999999724329,407853.659999999974389,-3.397,,,0
161,160,SAG_BATH_00138,7399779.811999999918044,407853.983999999996740,-3.468,,,0
162,161,SAG_BATH_00139,7399780.462000000290573,407854.255000000004657,-3.676,,,0
163,162,SAG_BATH_00140,7399780.984000000171363,407854.146999999997206,-3.643,,,0
164,163,SAG_BATH_00141,7399781.524000000208616,407853.728999999992084,-4.116,,,0
165,164,SAG_BATH_00142,7399782.201000000350177,407853.025000000023283,-3.894,,,0
166,165,SAG_BATH_00143,7399782.561999999918044,407852.636999999987893,-3.679,,,0
167,166,SAG_BATH_00144,7399783.188000000081956,407852.001999999978580,-2.961,,,0
168,167,SAG_BATH_00145,7399783.809999999590218,407851.347000000008848,-2.994,,,0
169,168,SAG_BATH_00146,7399784.525000000372529,407850.745999999984633,-3.044,,,0
170,169,SAG_BATH_00147,7399785.274000000208616,407850.389000000024680,-2.996,,,0
171,170,SAG_BATH_00148,7399785.916000000201166,407850.580000000016298,-2.842,,,0
172,171,SAG_BATH_00149,7399786.266999999992549,407850.944000000017695,-2.987,,,0
173,172,SAG_BATH_00150,7399786.688000000081956,407851.266000000003260,-3.094,,,0
174,173,SAG_BATH_00151,7399787.070000000298023,407851.658999999985099,-3.152,,,0
175,174,SAG_BATH_00152,7399787.425999999977648,407852.216000000014901,-3.031,,,0
176,175,SAG_BATH_00153,7399787.689000000245869,407852.813000000023749,-3.025,,,0
177,176,SAG_BATH_00154,7399787.847000000067055,407853.406000000017229,-3.124,,,0
178,177,SAG_BATH_00155,7399788.010999999940395,407854.000999999989290,-3.243,,,0
179,178,SAG_BATH_00156,7399788.166000000201166,407854.615999999979977,-3.042,,,0
180,179,SAG_BATH_00157,7399788.325000000186265,407855.181999999971595,-3.4,,,0
181,180,SAG_BATH_00158,7399788.457999999634922,407855.756999999983236,-3.35,,,0
182,181,SAG_BATH_00159,7399788.660000000149012,407856.270000000018626,-3.717,,,0
183,182,SAG_BATH_00161,7399789.546000000089407,407857.266000000003260,-14.35,,,0
184,183,SAG_BATH_00162,7399789.906999999657273,407857.706999999994878,-4.167,,,0
185,184,SAG_BATH_00163,7399790.292999999597669,407858.151000000012573,-4.407,,,0
186,185,SAG_BATH_00164,7399790.608000000007451,407858.760999999998603,-4.773,,,0
187,186,SAG_BATH_00165,7399790.830000000074506,407859.443000000028405,-3.794,,,0
188,187,SAG_BATH_00166,7399791.076000000350177,407860.048999999999069,-3.706,,,0
189,188,SAG_BATH_00167,7399791.355000000447035,407860.635999999998603,-3.638,,,0
190,189,SAG_BATH_00168,7399791.565999999642372,407861.153999999980442,-3.671,,,0
191,190,SAG_BATH_00169,7399791.792000000365078,407861.755000000004657,-3.548,,,0
192,191,SAG_BATH_00170,7399792.209999999962747,407862.264000000024680,-5.476,,,0
193,192,SAG_BATH_00174,7399793.143000000156462,407864.568000000028405,-3.502,,,0
194,193,SAG_BATH_00175,7399793.376000000163913,407865.302000000025146,-3.518,,,0
195,194,SAG_BATH_00176,7399793.674999999813735,407865.929999999993015,-3.531,,,0
196,195,SAG_BATH_00177,7399793.964999999850988,407866.585000000020955,-3.504,,,0
197,196,SAG_BATH_00178,7399794.258999999612570,407867.244999999995343,-3.6,,,0
198,197,SAG_BATH_00179,7399794.576000000350177,407867.813000000023749,-3.63,,,0
199,198,SAG_BATH_00180,7399794.923000000417233,407868.273999999975786,-3.607,,,0
200,199,SAG_BATH_00181,7399795.315999999642372,407868.634000000020023,-3.749,,,0
201,200,SAG_BATH_00182,7399795.705000000074506,407868.995999999984633,-3.863,,,0
202,201,SAG_BATH_00183,7399796.112999999895692,407869.299999999988358,-4.008,,,0
203,202,SAG_BATH_00184,7399796.675999999977648,407869.380000000004657,-4.267,,,0
204,203,SAG_BATH_00185,7399797.186999999918044,407869.360999999975320,-4.392,,,0
205,204,SAG_BATH_00186,7399797.756000000052154,407869.395000000018626,-4.329,,,0
206,205,SAG_BATH_00187,7399798.275000000372529,407869.109999999986030,-4.648,,,0
207,206,SAG_BATH_00188,7399798.915000000037253,407868.811999999976251,-4.75,,,0
208,207,SAG_BATH_00189,7399799.557000000029802,407868.820000000006985,-5.51,,,0
209,208,SAG_BATH_00190,7399800.109000000171363,407868.903999999980442,-5.42,,,0
210,209,SAG_BATH_00191,7399800.684999999590218,407869.174999999988358,-5.485,,,0
211,210,SAG_BATH_00192,7399801.231999999843538,407869.663000000000466,-4.699,,,0
212,211,SAG_BATH_00193,7399801.743999999947846,407870.107000000018161,-4.178,,,0
213,212,SAG_BATH_00194,7399802.140999999828637,407870.419999999983702,-4.25,,,0
214,213,SAG_BATH_00195,7399802.605999999679625,407870.740999999979977,-3.973,,,0
215,214,SAG_BATH_00196,7399803.149000000208616,407871.129000000015367,-3.744,,,0
216,215,SAG_BATH_00197,7399803.674999999813735,407871.297000000020489,-3.824,,,0
217,216,SAG_BATH_00198,7399804.315999999642372,407871.521000000007916,-3.736,,,0
218,217,SAG_BATH_00199,7399804.905000000260770,407871.760000000009313,-3.449,,,0
219,218,SAG_BATH_00200,7399805.464999999850988,407871.940999999991618,-3.369,,,0
220,219,SAG_BATH_00201,7399805.976999999955297,407872.397999999986496,-3.729,,,0
221,220,SAG_BATH_00202,7399806.455000000074506,407872.740999999979977,-3.454,,,0
222,221,SAG_BATH_00203,7399806.946999999694526,407873.130000000004657,-3.523,,,0
223,222,SAG_BATH_00204,7399807.571999999694526,407873.181999999971595,-3.707,,,0
224,223,SAG_BATH_00205,7399808.149000000208616,407873.305999999982305,-3.689,,,0
225,224,SAG_BATH_00206,7399808.700000000186265,407873.748000000021420,-3.515,,,0
226,225,SAG_BATH_00207,7399809.300999999977648,407873.837999999988824,-3.867,,,0
227,226,SAG_BATH_00208,7399809.844999999739230,407874.053000000014435,-3.922,,,0
228,227,SAG_BATH_00209,7399810.343000000342727,407874.510999999998603,-3.823,,,0
229,228,SAG_BATH_00210,7399810.934999999590218,407874.795999999972992,-4.24,,,0
230,229,SAG_BATH_00211,7399811.447999999858439,407875.129000000015367,-4.354,,,0
231,230,SAG_BATH_00212,7399812.023000000044703,407875.360999999975320,-4.307,,,0
232,231,SAG_BATH_00213,7399812.682000000029802,407875.341000000014901,-3.99,,,0
233,232,SAG_BATH_00214,7399813.418999999761581,407875.272999999986496,-4.092,,,0
234,233,SAG_BATH_00215,7399813.964999999850988,407875.175999999977648,-4.53,,,0
235,234,SAG_BATH_00216,7399814.502000000327826,407875.031000000017229,-4.664,,,0
236,235,SAG_BATH_00218,7399815.569000000134110,407874.748000000021420,-5.391,,,0
237,236,SAG_BATH_00219,7399816.094999999739230,407874.792000000015832,-5.371,,,0
238,237,SAG_BATH_00220,7399816.615000000223517,407874.819000000017695,-4.566,,,0
239,238,SAG_BATH_00221,7399817.108000000007451,407875.054000000003725,-4.702,,,0
240,239,SAG_BATH_00222,7399817.661000000312924,407875.398999999975786,-4.812,,,0
241,240,SAG_BATH_00223,7399818.117999999783933,407875.756999999983236,-4.127,,,0
242,241,SAG_BATH_00224,7399818.673000000417233,407876.136999999987893,-3.819,,,0
243,242,SAG_BATH_00225,7399819.292000000365078,407876.449000000022352,-3.915,,,0
244,243,SAG_BATH_00226,7399819.855000000447035,407876.643999999971129,-3.676,,,0
245,244,SAG_BATH_00227,7399820.389000000432134,407876.891000000003260,-3.569,,,0
246,245,SAG_BATH_00228,7399820.940000000409782,407877.282999999995809,-3.409,,,0
247,246,SAG_BATH_00229,7399821.365000000223517,407877.746999999973923,-3.591,,,0
248,247,SAG_BATH_00230,7399821.822999999858439,407878.352000000013504,-3.667,,,0
249,248,SAG_BATH_00231,7399822.212000000290573,407878.683000000019092,-3.773,,,0
250,249,SAG_BATH_00232,7399822.536999999545515,407879.233000000007451,-3.615,,,0
251,250,SAG_BATH_00233,7399822.944000000134110,407879.689000000013039,-3.549,,,0
252,251,SAG_BATH_00234,7399823.491999999620020,407879.987000000022817,-3.62,,,0
253,252,SAG_BATH_00235,7399823.945000000298023,407880.438000000023749,-3.337,,,0
254,253,SAG_BATH_00236,7399824.274000000208616,407880.815000000002328,-3.291,,,0
255,254,SAG_BATH_00237,7399824.684999999590218,407881.180999999982305,-3.367,,,0
256,255,SAG_BATH_00238,7399825.171000000089407,407881.718999999982771,-3.668,,,0
257,256,SAG_BATH_00239,7399825.481999999843538,407882.135999999998603,-3.544,,,0
258,257,SAG_BATH_00240,7399825.891999999992549,407882.446999999985565,-3.494,,,0
259,258,SAG_BATH_00241,7399826.444000000134110,407882.934999999997672,-3.502,,,0
260,259,SAG_BATH_00242,7399826.792000000365078,407883.349999999976717,-3.757,,,0
261,260,SAG_BATH_00243,7399827.138000000268221,407883.749000000010710,-3.769,,,0
262,261,SAG_BATH_00244,7399827.605000000447035,407884.281000000017229,-3.838,,,0
263,262,SAG_BATH_00245,7399828.092000000178814,407884.793000000005122,-3.718,,,0
264,263,SAG_BATH_00246,7399828.484000000171363,407885.264000000024680,-3.7,,,0
265,264,SAG_BATH_00247,7399829.120000000111759,407885.549999999988358,-16.509,,,0
266,265,SAG_BATH_00248,7399829.509999999776483,407885.868000000016764,-3.837,,,0
267,266,SAG_BATH_00249,7399829.817999999970198,407886.341000000014901,-4.008,,,0
268,267,SAG_BATH_00250,7399830.177000000141561,407886.795999999972992,-4.12,,,0
269,268,SAG_BATH_00251,7399830.612999999895692,407887.158999999985099,-4.051,,,0
270,269,SAG_BATH_00252,7399831.088000000454485,407887.642999999981839,-4.292,,,0
271,270,SAG_BATH_00253,7399831.617999999783933,407888.102000000013504,-4.335,,,0
272,271,SAG_BATH_00254,7399832.265999999828637,407888.315000000002328,-4.558,,,0
273,272,SAG_BATH_00255,7399832.854000000283122,407888.308000000019092,-5.16,,,0
274,273,SAG_BATH_00256,7399833.497999999672174,407888.544999999983702,-5.05,,,0
275,274,SAG_BATH_00257,7399834.118999999947846,407888.735999999975320,-5.259,,,0
276,275,SAG_BATH_00258,7399834.621000000275671,407888.800999999977648,-5.761,,,0
277,276,SAG_BATH_00259,7399835.114000000059605,407889.102000000013504,-5.98,,,0
278,277,SAG_BATH_00260,7399835.699000000022352,407889.281000000017229,-6.04,,,0
279,278,SAG_BATH_00261,7399836.347000000067055,407889.440000000002328,-4.968,,,0
280,279,SAG_BATH_00262,7399836.905000000260770,407889.668000000005122,-4.327,,,0
281,280,SAG_BATH_00263,7399837.504999999888241,407889.835000000020955,-4.189,,,0
282,281,SAG_BATH_00264,7399838.218999999575317,407889.951000000000931,-4.385,,,0
283,282,SAG_BATH_00265,7399838.803000000305474,407890.033999999985099,-3.838,,,0
284,283,SAG_BATH_00266,7399839.440999999642372,407890.243000000016764,-3.789,,,0
285,284,SAG_BATH_00267,7399840.042000000365078,407890.396999999997206,-3.812,,,0
286,285,SAG_BATH_00268,7399840.628999999724329,407890.604999999981374,-3.709,,,0
287,286,SAG_BATH_00269,7399841.234000000171363,407890.712999999988824,-3.61,,,0
288,287,SAG_BATH_00270,7399841.781999999657273,407890.943000000028405,-3.602,,,0
289,288,SAG_BATH_00271,7399842.319000000134110,407891.250999999989290,-3.532,,,0
290,289,SAG_BATH_00272,7399842.740000000223517,407891.559000000008382,-3.737,,,0
291,290,SAG_BATH_00273,7399843.027999999932945,407892.030000000027940,-3.916,,,0
292,291,SAG_BATH_00274,7399843.496000000275671,407892.423000000009779,-3.928,,,0
293,292,SAG_BATH_00275,7399843.862999999895692,407893.059999999997672,-3.313,,,0
294,293,SAG_BATH_00276,7399844.146999999880791,407893.537000000011176,-3.607,,,0
295,294,SAG_BATH_00277,7399844.571999999694526,407893.961000000010245,-3.793,,,0
296,295,SAG_BATH_00278,7399844.930999999865890,407894.401000000012573,-3.867,,,0
297,296,SAG_BATH_00279,7399845.141999999992549,407894.925999999977648,-3.856,,,0
298,297,SAG_BATH_00280,7399845.396999999880791,407895.384000000020023,-4.036,,,0
299,298,SAG_BATH_00281,7399845.821000000461936,407895.848999999987427,-3.948,,,0
300,299,SAG_BATH_00282,7399846.196999999694526,407896.406000000017229,-3.898,,,0
301,300,SAG_BATH_00283,7399846.489000000059605,407896.858000000007451,-4.168,,,0
302,301,SAG_BATH_00284,7399846.882000000216067,407897.222999999998137,-3.873,,,0
303,302,SAG_BATH_00285,7399847.307000000029802,407897.618000000016764,-3.876,,,0
304,303,SAG_BATH_00286,7399847.696000000461936,407898.065999999991618,-4.184,,,0
305,304,SAG_BATH_00287,7399848.394000000320375,407898.115999999979977,-4.287,,,0
306,305,SAG_BATH_00288,7399848.940999999642372,407898.086999999999534,-19.608,,,0
307,306,SAG_BATH_00289,7399849.481999999843538,407898.129000000015367,-4.196,,,0
308,307,SAG_BATH_00290,7399849.879999999888241,407898.624000000010710,-4.417,,,0
309,308,SAG_BATH_00291,7399850.168999999761581,407899.207999999984168,-4.415,,,0
310,309,SAG_BATH_00292,7399850.434000000357628,407899.761999999987893,-4.267,,,0
311,310,SAG_BATH_00293,7399850.718000000342727,407900.249000000010710,-4.26,,,0
312,311,SAG_BATH_00294,7399850.927000000141561,407900.740999999979977,-4.628,,,0
313,312,SAG_BATH_00295,7399851.118999999947846,407901.245999999984633,-4.721,,,0
314,313,SAG_BATH_00296,7399851.342000000178814,407901.694000000017695,-4.484,,,0
315,314,SAG_BATH_00297,7399851.604000000283122,407902.129000000015367,-4.499,,,0
316,315,SAG_BATH_00298,7399851.919999999925494,407902.579000000027008,-4.284,,,0
317,316,SAG_BATH_00299,7399852.338000000454485,407902.983000000007451,-4.296,,,0
318,317,SAG_BATH_00300,7399852.759999999776483,407903.364999999990687,-4.435,,,0
319,318,SAG_BATH_00301,7399853.211000000126660,407903.624000000010710,-4.399,,,0
320,319,SAG_BATH_00302,7399853.718000000342727,407903.859999999986030,-4.428,,,0
321,320,SAG_BATH_00303,7399854.139000000432134,407904.140000000013970,-4.329,,,0
322,321,SAG_BATH_00304,7399854.680999999865890,407904.450000000011642,-4.194,,,0
323,322,SAG_BATH_00305,7399855.310999999754131,407904.566999999980908,-4.704,,,0
324,323,SAG_BATH_00306,7399855.849999999627471,407904.732000000018161,-4.443,,,0
325,324,SAG_BATH_00307,7399856.361999999731779,407904.618000000016764,-4.596,,,0
326,325,SAG_BATH_00308,7399856.836000000126660,407904.380000000004657,-0.463,,,0
327,326,SAG_BATH_00309,7399857.484000000171363,407904.280000000027940,-4.52,,,0
328,327,SAG_BATH_00310,7399858.126000000163913,407904.205000000016298,-4.663,,,0
329,328,SAG_BATH_00311,7399858.803999999538064,407904.407999999995809,-1.107,,,0
330,329,SAG_BATH_00312,7399859.349999999627471,407904.844999999972060,-5.578,,,0
331,330,SAG_BATH_00313,7399859.757000000216067,407905.137999999977183,-5.898,,,0
332,331,SAG_BATH_00314,7399860.202999999746680,407905.439000000013039,-5.795,,,0
333,332,SAG_BATH_00315,7399860.592000000178814,407905.841000000014901,-5.627,,,0
334,333,SAG_BATH_00316,7399861.031000000424683,407906.375999999989290,-4.757,,,0
335,334,SAG_BATH_00317,7399861.561999999918044,407906.891000000003260,-4.755,,,0
336,335,SAG_BATH_00318,7399861.917000000365078,407907.280000000027940,-4.708,,,0
337,336,SAG_BATH_00319,7399862.515999999828637,407907.695000000006985,-4.393,,,0
338,337,SAG_BATH_00320,7399863.050999999977648,407908.129000000015367,-4.324,,,0
339,338,SAG_BATH_00321,7399863.598000000230968,407908.329000000027008,-4.223,,,0
340,339,SAG_BATH_00322,7399864.205000000074506,407908.482000000018161,-4.298,,,0
341,340,SAG_BATH_00323,7399864.663999999873340,407908.716000000014901,-3.908,,,0
342,341,SAG_BATH_00324,7399865.217000000178814,407908.783999999985099,-4.18,,,0
343,342,SAG_BATH_00325,7399865.762000000104308,407909.059000000008382,-4.319,,,0
344,343,SAG_BATH_00326,7399866.334999999962747,407909.255000000004657,-4.426,,,0
345,344,SAG_BATH_00327,7399866.838000000454485,407909.374000000010710,-4.314,,,0
346,345,SAG_BATH_00328,7399867.457000000402331,407909.764000000024680,-4.367,,,0
347,346,SAG_BATH_00329,7399867.878999999724329,407910.177000000025146,-4.612,,,0
348,347,SAG_BATH_00330,7399868.247000000439584,407910.700000000011642,-4.613,,,0
349,348,SAG_BATH_00331,7399868.862999999895692,407911.092000000004191,-4.654,,,0
350,349,SAG_BATH_00332,7399869.316999999806285,407911.398999999975786,-4.789,,,0
351,350,SAG_BATH_00333,7399869.839999999850988,407911.732000000018161,-5.085,,,0
352,351,SAG_BATH_00334,7399870.362999999895692,407912.085000000020955,-5.248,,,0
353,352,SAG_BATH_00335,7399870.747000000439584,407912.526000000012573,-5.61,,,0
354,353,SAG_BATH_00336,7399871.150999999605119,407912.960000000020955,-5.701,,,0
355,354,SAG_BATH_00337,7399871.811999999918044,407913.310999999986961,-6.987,,,0
356,355,SAG_BATH_00338,7399872.200000000186265,407913.777999999991152,-5.198,,,0
357,356,SAG_BATH_00339,7399872.775000000372529,407914.139000000024680,-5.015,,,0
358,357,SAG_BATH_00340,7399873.195000000298023,407914.428000000014435,-4.85,,,0
359,358,SAG_BATH_00341,7399873.628999999724329,407914.818000000028405,-4.847,,,0
360,359,SAG_BATH_00342,7399874.126000000163913,407914.984999999986030,-4.888,,,0
361,360,SAG_BATH_00343,7399874.673000000417233,407915.218999999982771,-4.645,,,0
362,361,SAG_BATH_00344,7399875.293999999761581,407915.322999999974854,-4.611,,,0
363,362,SAG_BATH_00345,7399875.870000000111759,407915.420999999972992,-4.457,,,0
364,363,SAG_BATH_00346,7399876.574000000022352,407915.662000000011176,-4.515,,,0
365,364,SAG_BATH_00347,7399877.055999999865890,407915.837999999988824,-4.433,,,0
366,365,SAG_BATH_00348,7399877.572999999858439,407916.167000000015832,-4.501,,,0
367,366,SAG_BATH_00349,7399878.114000000059605,407916.500999999989290,-4.57,,,0
368,367,SAG_BATH_00350,7399878.514000000432134,407916.826999999990221,-1.089,,,0
369,368,SAG_BATH_00351,7399878.967000000178814,407917.293000000005122,-4.611,,,0
370,369,SAG_BATH_00352,7399879.428000000305474,407917.693000000028405,-4.64,,,0
371,370,SAG_BATH_00353,7399880.008999999612570,407918.072999999974854,-4.514,,,0
372,371,SAG_BATH_00354,7399880.583999999798834,407918.302000000025146,-4.596,,,0
373,372,SAG_BATH_00355,7399881.154000000096858,407918.435999999986961,-4.577,,,0
374,373,SAG_BATH_00356,7399881.783999999985099,407918.630999999993946,-4.683,,,0
375,374,SAG_BATH_00357,7399882.338000000454485,407918.849999999976717,-4.793,,,0
376,375,SAG_BATH_00358,7399882.918999999761581,407919.087999999988824,-4.942,,,0
377,376,SAG_BATH_00359,7399883.520999999716878,407919.443000000028405,-5.083,,,0
378,377,SAG_BATH_00360,7399884.082999999634922,407919.887999999977183,-5.339,,,0
379,378,SAG_BATH_00361,7399884.601999999955297,407920.170999999972992,-5.584,,,0
380,379,SAG_BATH_00362,7399885.182000000029802,407920.262999999977183,-5.938,,,0
381,380,SAG_BATH_00363,7399885.781000000424683,407920.537000000011176,-6.157,,,0
382,381,SAG_BATH_00364,7399886.314000000245869,407920.884000000020023,-5.232,,,0
383,382,SAG_BATH_00365,7399886.730000000447035,407921.265000000013970,-5.307,,,0
384,383,SAG_BATH_00366,7399887.156999999657273,407921.705000000016298,-5.322,,,0
385,384,SAG_BATH_00367,7399887.565000000409782,407922.142999999981839,-5.641,,,0
386,385,SAG_BATH_00368,7399887.990000000223517,407922.581000000005588,-5.737,,,0
387,386,SAG_BATH_00369,7399888.507000000216067,407922.911000000021886,-5.738,,,0
388,387,SAG_BATH_00370,7399889.058000000193715,407923.131999999983236,-6.424,,,0
389,388,SAG_BATH_00371,7399889.601999999955297,407923.250000000000000,-6.957,,,0
390,389,SAG_BATH_00372,7399890.135999999940395,407923.289999999979045,-14.089,,,0
391,390,SAG_BATH_00373,7399890.689000000245869,407923.298000000009779,-6.956,,,0
392,391,SAG_BATH_00374,7399891.230999999679625,407923.264000000024680,-6.369,,,0
393,392,SAG_BATH_00375,7399891.740000000223517,407923.131999999983236,-6.304,,,0
394,393,SAG_BATH_00376,7399892.223000000230968,407922.919999999983702,-5.508,,,0
395,394,SAG_BATH_00377,7399892.718000000342727,407922.832999999984168,-5.335,,,0
396,395,SAG_BATH_00378,7399893.239000000059605,407922.973999999987427,-4.893,,,0
397,396,SAG_BATH_00379,7399893.757000000216067,407923.130000000004657,-4.932,,,0
398,397,SAG_BATH_00380,7399894.264000000432134,407923.191999999980908,-4.893,,,0
399,398,SAG_BATH_00381,7399894.998999999836087,407923.186999999976251,-5.008,,,0
400,399,SAG_BATH_00382,7399895.497000000439584,407923.260999999998603,-4.7,,,0
401,400,SAG_BATH_00383,7399896.035000000149012,407923.341000000014901,-4.499,,,0
402,401,SAG_BATH_00384,7399896.709999999962747,407923.233000000007451,-4.476,,,0
403,402,SAG_BATH_00385,7399897.383999999612570,407923.233000000007451,-4.509,,,0
404,403,SAG_BATH_00386,7399897.889000000432134,407923.392999999981839,-4.515,,,0
405,404,SAG_BATH_00387,7399898.594999999739230,407923.543999999994412,-4.481,,,0
406,405,SAG_BATH_00388,7399899.106999999843538,407923.761999999987893,-4.431,,,0
407,406,SAG_BATH_00389,7399899.661000000312924,407924.021999999997206,-4.461,,,0
408,407,SAG_BATH_00390,7399900.177000000141561,407924.184000000008382,-4.382,,,0
409,408,SAG_BATH_00391,7399900.912999999709427,407924.186999999976251,-4.63,,,0
410,409,SAG_BATH_00392,7399901.485000000335276,407924.152000000001863,-4.53,,,0
411,410,SAG_BATH_00393,7399902.015999999828637,407924.081999999994878,-4.435,,,0
412,411,SAG_BATH_00394,7399902.686999999918044,407923.776000000012573,-4.381,,,0
413,412,SAG_BATH_00395,7399903.199000000022352,407923.456999999994878,-4.546,,,0
414,413,SAG_BATH_00396,7399903.752999999560416,407923.254000000015367,-4.311,,,0
415,414,SAG_BATH_00397,7399904.251000000163913,407923.163000000000466,-4.425,,,0
416,415,SAG_BATH_00398,7399905.018000000156462,407923.086000000010245,-4.375,,,0
417,416,SAG_BATH_00399,7399905.555999999865890,407923.081999999994878,-4.563,,,0
418,417,SAG_BATH_00400,7399906.097000000067055,407923.141999999992549,-4.605,,,0
419,418,SAG_BATH_00401,7399906.652999999932945,407923.318000000028405,-4.732,,,0
420,419,SAG_BATH_00402,7399907.235999999567866,407923.554000000003725,-15.195,,,0
421,420,SAG_BATH_00403,7399907.758000000379980,407923.722999999998137,-4.91,,,0
422,421,SAG_BATH_00404,7399908.457999999634922,407923.913999999989755,-5.145,,,0
423,422,SAG_BATH_00405,7399909.173999999649823,407924.121999999973923,-4.975,,,0
424,423,SAG_BATH_00406,7399909.854000000283122,407924.310999999986961,-5.007,,,0
425,424,SAG_BATH_00407,7399910.491999999620020,407924.135000000009313,-4.969,,,0
426,425,SAG_BATH_00408,7399910.983000000007451,407923.897999999986496,-4.719,,,0
427,426,SAG_BATH_00409,7399911.554999999701977,407923.797000000020489,-4.975,,,0
428,427,SAG_BATH_00410,7399912.087000000290573,407923.659999999974389,-4.7,,,0
429,428,SAG_BATH_00411,7399912.614000000059605,407923.391000000003260,-4.658,,,0
430,429,SAG_BATH_00412,7399913.178000000305474,407923.180999999982305,-4.733,,,0
431,430,SAG_BATH_00413,7399913.757000000216067,407923.164999999979045,-4.786,,,0
432,431,SAG_BATH_00414,7399914.345999999903142,407923.155000000027940,-4.815,,,0
433,432,SAG_BATH_00415,7399914.877999999560416,407923.069000000017695,-4.913,,,0
434,433,SAG_BATH_00416,7399915.422000000253320,407923.007999999972526,-4.855,,,0
435,434,SAG_BATH_00417,7399915.963000000454485,407923.068000000028405,-4.908,,,0
436,435,SAG_BATH_00418,7399916.462000000290573,407923.150000000023283,-5.405,,,0
437,436,SAG_BATH_00419,7399917.177000000141561,407923.147999999986496,-5.546,,,0
438,437,SAG_BATH_00420,7399917.678000000305474,407923.014000000024680,-5.535,,,0
439,438,SAG_BATH_00421,7399918.168999999761581,407922.891000000003260,-5.688,,,0
440,439,SAG_BATH_00422,7399918.911999999545515,407922.768999999971129,-6.372,,,0
441,440,SAG_BATH_00423,7399919.440000000409782,407922.695000000006985,-6.74,,,0
442,441,SAG_BATH_00424,7399919.981999999843538,407922.684000000008382,-6.871,,,0
443,442,SAG_BATH_00425,7399920.541000000201166,407922.800999999977648,-6.403,,,0
444,443,SAG_BATH_00426,7399921.138000000268221,407922.999000000010710,-5.941,,,0
445,444,SAG_BATH_00427,7399921.662999999709427,407923.283999999985099,-20.421,,,0
446,445,SAG_BATH_00428,7399922.190000000409782,407923.652999999991152,-4.958,,,0
447,446,SAG_BATH_00429,7399922.751000000163913,407923.994000000006054,-4.771,,,0
448,447,SAG_BATH_00430,7399923.269000000320375,407924.197999999974854,-5.024,,,0
449,448,SAG_BATH_00431,7399923.813000000081956,407924.245999999984633,-4.8,,,0
450,449,SAG_BATH_00432,7399924.385999999940395,407924.231000000028871,-4.801,,,0
451,450,SAG_BATH_00433,7399925.000000000000000,407924.146999999997206,-4.703,,,0
452,451,SAG_BATH_00434,7399925.610999999567866,407923.952999999979511,-4.577,,,0
453,452,SAG_BATH_00435,7399926.213000000454485,407923.822999999974854,-4.631,,,0
454,453,SAG_BATH_00436,7399926.810999999754131,407923.683000000019092,-4.697,,,0
455,454,SAG_BATH_00437,7399927.407999999821186,407923.532999999995809,-4.834,,,0
456,455,SAG_BATH_00438,7399927.957999999634922,407923.445000000006985,-4.903,,,0
457,456,SAG_BATH_00439,7399928.665000000037253,407923.423000000009779,-6.048,,,0
458,457,SAG_BATH_00440,7399929.378999999724329,407923.621999999973923,-4.282,,,0
459,458,SAG_BATH_00441,7399930.035000000149012,407923.857000000018161,-4.368,,,0
460,459,SAG_BATH_00442,7399930.703999999910593,407923.969999999972060,-4.272,,,0
461,460,SAG_BATH_00443,7399931.218000000342727,407924.047000000020489,-4.438,,,0
462,461,SAG_BATH_00444,7399931.798000000417233,407924.153999999980442,-4.075,,,0
463,462,SAG_BATH_00445,7399932.422000000253320,407924.222000000008848,-4.11,,,0
464,463,SAG_BATH_00446,7399932.996000000275671,407924.222999999998137,-4.122,,,0
465,464,SAG_BATH_00447,7399933.714999999850988,407924.061999999976251,-4.331,,,0
466,465,SAG_BATH_00448,7399934.265999999828637,407923.851000000024214,-4.515,,,0
467,466,SAG_BATH_00449,7399934.849999999627471,407923.602000000013504,-4.239,,,0
468,467,SAG_BATH_00450,7399935.281000000424683,407923.223999999987427,-4.041,,,0
469,468,SAG_BATH_00451,7399935.718999999575317,407922.853000000002794,-4.099,,,0
470,469,SAG_BATH_00452,7399936.231999999843538,407922.662000000011176,-4.309,,,0
471,470,SAG_BATH_00453,7399936.739000000059605,407922.565999999991618,-4.417,,,0
472,471,SAG_BATH_00454,7399937.413999999873340,407922.509000000020023,-4.397,,,0
473,472,SAG_BATH_00455,7399938.094999999739230,407922.740999999979977,-4.678,,,0
474,473,SAG_BATH_00456,7399938.782999999821186,407923.025000000023283,-4.834,,,0
475,474,SAG_BATH_00457,7399939.300999999977648,407923.223999999987427,-4.865,,,0
476,475,SAG_BATH_00458,7399939.947999999858439,407923.511999999987893,-5.298,,,0
477,476,SAG_BATH_00459,7399940.428999999538064,407923.663999999989755,-5.555,,,0
478,477,SAG_BATH_00460,7399940.940999999642372,407923.851000000024214,-5.755,,,0
479,478,SAG_BATH_00461,7399941.405000000260770,407924.074000000022352,-6.341,,,0
480,479,SAG_BATH_00462,7399942.088999999687076,407924.373000000021420,-6.546,,,0
481,480,SAG_BATH_00463,7399942.785000000149012,407924.597999999998137,-6.555,,,0
482,481,SAG_BATH_00464,7399943.327999999746680,407924.597999999998137,-6.907,,,0
483,482,SAG_BATH_00465,7399943.910000000149012,407924.494000000006054,-12.873,,,0
484,483,SAG_BATH_00466,7399944.485999999567866,407924.405000000027940,-4.882,,,0
485,484,SAG_BATH_00467,7399945.108000000007451,407924.358000000007451,-4.785,,,0
486,485,SAG_BATH_00468,7399945.724000000394881,407924.250000000000000,-4.553,,,0
487,486,SAG_BATH_00469,7399946.286999999545515,407924.112000000022817,-4.218,,,0
488,487,SAG_BATH_00470,7399946.849000000394881,407923.966000000014901,-14.203,,,0
489,488,SAG_BATH_00471,7399947.388000000268221,407923.863000000012107,-4.009,,,0
490,489,SAG_BATH_00472,7399947.925999999977648,407923.798999999999069,-4.176,,,0
491,490,SAG_BATH_00473,7399948.521999999880791,407923.749000000010710,-4.167,,,0
492,491,SAG_BATH_00474,7399949.100999999791384,407923.793999999994412,-4.16,,,0
493,492,SAG_BATH_00475,7399949.655000000260770,407923.961000000010245,-4.088,,,0
494,493,SAG_BATH_00476,7399950.150999999605119,407924.064000000013039,-4.426,,,0
495,494,SAG_BATH_00477,7399950.842000000178814,407924.086999999999534,-3.941,,,0
496,495,SAG_BATH_00478,7399951.349000000394881,407924.183000000019092,-4.087,,,0
497,496,SAG_BATH_00479,7399952.059000000357628,407924.125000000000000,-3.861,,,0
498,497,SAG_BATH_00480,7399952.553000000305474,407923.869000000006054,-4.43,,,0
499,498,SAG_BATH_00481,7399953.088000000454485,407923.647999999986496,-4.35,,,0
500,499,SAG_BATH_00482,7399953.673999999649823,407923.489999999990687,-4.318,,,0
501,500,SAG_BATH_00483,7399954.220999999903142,407923.248000000021420,-4.331,,,0
502,501,SAG_BATH_00484,7399954.745000000111759,407922.945000000006985,-4.124,,,0
503,502,SAG_BATH_00485,7399955.337000000290573,407922.733000000007451,-4.155,,,0
504,503,SAG_BATH_00486,7399955.889999999664724,407922.717000000004191,-4.292,,,0
505,504,SAG_BATH_00487,7399956.430999999865890,407922.762999999977183,-4.483,,,0
506,505,SAG_BATH_00488,7399957.000000000000000,407922.717999999993481,-4.682,,,0
507,506,SAG_BATH_00489,7399957.542999999597669,407922.610999999975320,-5.04,,,0
508,507,SAG_BATH_00490,7399958.218999999575317,407922.534999999974389,-5.54,,,0
509,508,SAG_BATH_00491,7399958.904000000096858,407922.316999999980908,-6.435,,,0
510,509,SAG_BATH_00492,7399959.356999999843538,407922.060999999986961,-6.452,,,0
511,510,SAG_BATH_00493,7399959.888000000268221,407921.798000000009779,-5.792,,,0
512,511,SAG_BATH_00494,7399960.434999999590218,407921.570000000006985,-5.1,,,0
513,512,SAG_BATH_00495,7399961.001000000163913,407921.395000000018626,-4.82,,,0
514,513,SAG_BATH_00496,7399961.586000000126660,407921.275000000023283,-4.551,,,0
515,514,SAG_BATH_00497,7399962.222000000067055,407921.222000000008848,-4.43,,,0
516,515,SAG_BATH_00498,7399962.838000000454485,407921.224999999976717,-4.473,,,0
517,516,SAG_BATH_00499,7399963.347000000067055,407921.277999999991152,-4.238,,,0
518,517,SAG_BATH_00500,7399963.870000000111759,407921.346000000019558,-4.321,,,0
519,518,SAG_BATH_00501,7399964.368999999947846,407921.412000000011176,-4.286,,,0
520,519,SAG_BATH_00502,7399965.052000000141561,407921.315000000002328,-4.412,,,0
521,520,SAG_BATH_00503,7399965.584999999962747,407920.972999999998137,-4.44,,,0
522,521,SAG_BATH_00504,7399966.114000000059605,407920.526000000012573,-4.001,,,0
523,522,SAG_BATH_00505,7399966.542000000365078,407920.135000000009313,-3.932,,,0
524,523,SAG_BATH_00506,7399967.004999999888241,407919.809000000008382,-4.098,,,0
525,524,SAG_BATH_00507,7399967.486999999731779,407919.544999999983702,-4.018,,,0
526,525,SAG_BATH_00508,7399967.970999999903142,407919.348999999987427,-4.097,,,0
527,526,SAG_BATH_00509,7399968.628999999724329,407919.219999999972060,-4.229,,,0
528,527,SAG_BATH_00510,7399969.375000000000000,407919.239999999990687,-4.597,,,0
529,528,SAG_BATH_00511,7399969.908999999985099,407919.315000000002328,-4.901,,,0
530,529,SAG_BATH_00512,7399970.501000000163913,407919.483000000007451,-5.005,,,0
531,530,SAG_BATH_00513,7399971.097000000067055,407919.602000000013504,-5.12,,,0
532,531,SAG_BATH_00514,7399971.663999999873340,407919.571999999985565,-5.527,,,0
533,532,SAG_BATH_00515,7399972.266999999992549,407919.474999999976717,-6.171,,,0
534,533,SAG_BATH_00516,7399972.900999999605119,407919.431999999971595,-6.037,,,0
535,534,SAG_BATH_00517,7399973.416000000201166,407919.306999999971595,-7.731,,,0
536,535,SAG_BATH_00518,7399974.094999999739230,407919.011999999987893,-5.186,,,0
537,536,SAG_BATH_00519,7399974.591000000014901,407918.949000000022352,-5.248,,,0
538,537,SAG_BATH_00520,7399975.059999999590218,407918.717999999993481,-4.978,,,0
539,538,SAG_BATH_00521,7399975.685999999754131,407918.302000000025146,-4.75,,,0
540,539,SAG_BATH_00522,7399976.205000000074506,407918.186999999976251,-4.489,,,0
541,540,SAG_BATH_00523,7399976.688000000081956,407918.016999999992549,-4.281,,,0
542,541,SAG_BATH_00524,7399977.241999999620020,407917.690999999991618,-3.988,,,0
543,542,SAG_BATH_00525,7399977.871000000275671,407917.384000000020023,-3.909,,,0
544,543,SAG_BATH_00526,7399978.442999999970198,407917.163000000000466,-3.786,,,0
545,544,SAG_BATH_00527,7399978.961000000126660,407916.939000000013039,-3.811,,,0
546,545,SAG_BATH_00528,7399979.491999999620020,407916.728000000002794,-3.657,,,0
547,546,SAG_BATH_00529,7399980.019999999552965,407916.494000000006054,-3.656,,,0
548,547,SAG_BATH_00530,7399980.521999999880791,407916.321999999985565,-3.656,,,0
549,548,SAG_BATH_00531,7399981.021999999880791,407916.280000000027940,-3.578,,,0
550,549,SAG_BATH_00532,7399981.553999999538064,407916.327999999979511,-3.711,,,0
551,550,SAG_BATH_00533,7399982.066999999806285,407916.445000000006985,-3.494,,,0
552,551,SAG_BATH_00534,7399982.550999999977648,407916.639000000024680,-3.581,,,0
553,552,SAG_BATH_00535,7399983.053000000305474,407916.882999999972526,-3.714,,,0
554,553,SAG_BATH_00536,7399983.566999999806285,407917.167000000015832,-3.848,,,0
555,554,SAG_BATH_00537,7399984.024000000208616,407917.452999999979511,-3.952,,,0
556,555,SAG_BATH_00538,7399984.673000000417233,407917.777000000001863,-4.061,,,0
557,556,SAG_BATH_00539,7399985.319000000134110,407917.852000000013504,-3.803,,,0
558,557,SAG_BATH_00540,7399986.006000000052154,407917.500000000000000,-4.333,,,0
559,558,SAG_BATH_00541,7399986.473000000230968,407916.909999999974389,-4.509,,,0
560,559,SAG_BATH_00542,7399986.959999999962747,407916.249000000010710,-4.445,,,0
561,560,SAG_BATH_00543,7399987.495000000111759,407915.753000000026077,-4.975,,,0
562,561,SAG_BATH_00544,7399988.048000000417233,407915.273999999975786,-5.171,,,0
563,562,SAG_BATH_00545,7399988.604000000283122,407914.836999999999534,-5.832,,,0
564,563,SAG_BATH_00546,7399989.120000000111759,407914.543000000005122,-5.868,,,0
565,564,SAG_BATH_00547,7399989.860000000335276,407914.544999999983702,-5.481,,,0
566,565,SAG_BATH_00548,7399990.372999999672174,407914.621999999973923,-4.514,,,0
567,566,SAG_BATH_00549,7399990.882000000216067,407914.658999999985099,-4.085,,,0
568,567,SAG_BATH_00550,7399991.381000000052154,407914.765000000013970,-4.02,,,0
569,568,SAG_BATH_00551,7399991.832000000402331,407914.982000000018161,-4.109,,,0
570,569,SAG_BATH_00552,7399992.450000000186265,407915.271000000007916,-3.769,,,0
571,570,SAG_BATH_00553,7399993.154000000096858,407915.457999999984168,-3.877,,,0
572,571,SAG_BATH_00554,7399993.766999999992549,407915.798000000009779,-3.718,,,0
573,572,SAG_BATH_00555,7399994.509999999776483,407915.945000000006985,-3.589,,,0
574,573,SAG_BATH_00556,7399995.047000000253320,407916.053000000014435,-3.737,,,0
575,574,SAG_BATH_00557,7399995.561999999918044,407916.277000000001863,-3.268,,,0
576,575,SAG_BATH_00558,7399996.091000000014901,407916.494000000006054,-3.191,,,0
577,576,SAG_BATH_00559,7399996.609000000171363,407916.744999999995343,-3.061,,,0
578,577,SAG_BATH_00560,7399997.081000000238419,407917.059999999997672,-3.682,,,0
579,578,SAG_BATH_00561,7399997.512000000104308,407917.322999999974854,-3.71,,,0
580,579,SAG_BATH_00562,7399998.002999999560416,407917.423999999999069,-4.031,,,0
581,580,SAG_BATH_00563,7399998.531999999657273,407917.305999999982305,-3.685,,,0
582,581,SAG_BATH_00564,7399999.252999999560416,407917.286000000021886,-3.481,,,0
583,582,SAG_BATH_00565,7399999.776999999769032,407917.396000000007916,-3.908,,,0
584,583,SAG_BATH_00566,7400000.314000000245869,407917.450000000011642,-4.061,,,0
585,584,SAG_BATH_00567,7400000.881000000052154,407917.458999999973457,-4.165,,,0
586,585,SAG_BATH_00568,7400001.422000000253320,407917.556999999971595,-4.243,,,0
587,586,SAG_BATH_00569,7400001.984000000171363,407917.771999999997206,-4.532,,,0
588,587,SAG_BATH_00570,7400002.569000000134110,407918.037000000011176,-5.166,,,0
589,588,SAG_BATH_00571,7400003.105000000447035,407918.206000000005588,-5.834,,,0
590,589,SAG_BATH_00572,7400003.599999999627471,407918.278999999980442,-5.985,,,0
591,590,SAG_BATH_00573,7400004.156000000424683,407918.347999999998137,-5.842,,,0
592,591,SAG_BATH_00574,7400004.707000000402331,407918.461999999999534,-5.724,,,0
593,592,SAG_BATH_00575,7400005.241999999620020,407918.565000000002328,-3.664,,,0
594,593,SAG_BATH_00576,7400005.838999999687076,407918.645000000018626,-3.829,,,0
595,594,SAG_BATH_00577,7400006.419999999925494,407918.759000000020023,-4.315,,,0
596,595,SAG_BATH_00578,7400006.963000000454485,407918.945999999996275,-4.435,,,0
597,596,SAG_BATH_00579,7400007.516999999992549,407919.222000000008848,-4.408,,,0
598,597,SAG_BATH_00580,7400007.997999999672174,407919.435999999986961,-4.465,,,0
599,598,SAG_BATH_00581,7400008.736999999731779,407919.385999999998603,-4.465,,,0
600,599,SAG_BATH_00582,7400009.365000000223517,407919.181999999971595,-17.689,,,0
601,600,SAG_BATH_00583,7400009.963999999687076,407919.022999999986496,-3.919,,,0
602,601,SAG_BATH_00584,7400010.434000000357628,407918.853000000002794,-3.506,,,0
603,602,SAG_BATH_00585,7400010.944000000134110,407918.641000000003260,-3.565,,,0
604,603,SAG_BATH_00586,7400011.523000000044703,407918.498000000021420,-3.641,,,0
605,604,SAG_BATH_00587,7400012.088999999687076,407918.520000000018626,-3.576,,,0
606,605,SAG_BATH_00588,7400012.701999999582767,407918.618000000016764,-3.56,,,0
607,606,SAG_BATH_00589,7400013.415000000037253,407918.885999999998603,-3.649,,,0
608,607,SAG_BATH_00590,7400013.900000000372529,407919.091000000014901,-3.628,,,0
609,608,SAG_BATH_00591,7400014.475999999791384,407919.239000000001397,-3.868,,,0
610,609,SAG_BATH_00592,7400015.132000000216067,407919.407999999995809,-4.113,,,0
611,610,SAG_BATH_00593,7400015.796000000089407,407919.581000000005588,-4.234,,,0
612,611,SAG_BATH_00594,7400016.531999999657273,407919.563000000023749,-4.78,,,0
613,612,SAG_BATH_00595,7400017.252999999560416,407919.413000000000466,-5.374,,,0
614,613,SAG_BATH_00596,7400017.970999999903142,407919.194000000017695,-4.652,,,0
615,614,SAG_BATH_00597,7400018.535000000149012,407919.049999999988358,-18.058,,,0
616,615,SAG_BATH_00598,7400019.054999999701977,407918.825000000011642,-4.279,,,0
617,616,SAG_BATH_00599,7400019.524000000208616,407918.640000000013970,-4.389,,,0
618,617,SAG_BATH_00600,7400020.222000000067055,407918.657999999995809,-3.501,,,0
619,618,SAG_BATH_00601,7400020.735999999567866,407918.719999999972060,-3.545,,,0
620,619,SAG_BATH_00602,7400021.342000000178814,407918.699000000022352,-3.685,,,0
621,620,SAG_BATH_00603,7400021.928000000305474,407918.886999999987893,-3.765,,,0
622,621,SAG_BATH_00604,7400022.576999999582767,407919.167000000015832,-3.572,,,0
623,622,SAG_BATH_00605,7400023.141999999992549,407919.272999999986496,-3.676,,,0
624,623,SAG_BATH_00606,7400023.814000000245869,407919.420999999972992,-3.668,,,0
625,624,SAG_BATH_00607,7400024.521999999880791,407919.522999999986496,-3.584,,,0
626,625,SAG_BATH_00608,7400025.105999999679625,407919.789999999979045,-3.645,,,0
627,626,SAG_BATH_00609,7400025.703999999910593,407920.178000000014435,-3.827,,,0
628,627,SAG_BATH_00610,7400026.133000000379980,407920.629000000015367,-4.107,,,0
629,628,SAG_BATH_00611,7400026.474999999627471,407921.260000000009313,-4.255,,,0
630,629,SAG_BATH_00612,7400026.785000000149012,407921.776000000012573,-4.27,,,0
631,630,SAG_BATH_00613,7400027.031999999657273,407922.212999999988824,-4.495,,,0
632,631,SAG_BATH_00614,7400027.381000000052154,407922.837999999988824,-5.572,,,0
633,632,SAG_BATH_00615,7400027.877999999560416,407923.185999999986961,-5.521,,,0
634,633,SAG_BATH_00616,7400028.461000000126660,407923.489999999990687,-5.382,,,0
635,634,SAG_BATH_00617,7400028.946000000461936,407923.851000000024214,-5.51,,,0
636,635,SAG_BATH_00618,7400029.533999999985099,407924.148999999975786,-5.737,,,0
637,636,SAG_BATH_00619,7400030.023000000044703,407924.707999999984168,-4.398,,,0
638,637,SAG_BATH_00620,7400030.358000000007451,407925.152999999991152,-4.458,,,0
639,638,SAG_BATH_00621,7400030.753999999724329,407925.494000000006054,-4.335,,,0
640,639,SAG_BATH_00622,7400031.205000000074506,407925.797000000020489,-4.346,,,0
641,640,SAG_BATH_00623,7400031.639000000432134,407926.080000000016298,-4.455,,,0
642,641,SAG_BATH_00624,7400032.060999999754131,407926.392999999981839,-4.723,,,0
643,642,SAG_BATH_00625,7400032.508000000379980,407926.651000000012573,-5.344,,,0
644,643,SAG_BATH_00626,7400033.008000000379980,407926.761999999987893,-5.103,,,0
645,644,SAG_BATH_00627,7400033.519999999552965,407926.759000000020023,-5.439,,,0
646,645,SAG_BATH_00628,7400034.133999999612570,407926.640000000013970,-4.565,,,0
647,646,SAG_BATH_00629,7400034.844999999739230,407926.647999999986496,-4.382,,,0
648,647,SAG_BATH_00630,7400035.481999999843538,407926.706000000005588,-4.149,,,0
649,648,SAG_BATH_00631,7400036.150999999605119,407926.874000000010710,-4.151,,,0
650,649,SAG_BATH_00632,7400036.667999999597669,407927.044999999983702,-4.292,,,0
651,650,SAG_BATH_00633,7400037.367999999783933,407927.255999999993946,-4.526,,,0
652,651,SAG_BATH_00634,7400037.859000000171363,407927.456999999994878,-4.525,,,0
653,652,SAG_BATH_00635,7400038.424999999813735,407927.642999999981839,-4.589,,,0
654,653,SAG_BATH_00636,7400038.975999999791384,407927.727000000013504,-4.672,,,0
655,654,SAG_BATH_00637,7400039.481999999843538,407927.619000000006054,-5.368,,,0
656,655,SAG_BATH_00638,7400040.035000000149012,407927.440000000002328,-5.584,,,0
657,656,SAG_BATH_00639,7400040.588999999687076,407927.446999999985565,-5.782,,,0
658,657,SAG_BATH_00640,7400041.116000000387430,407927.306999999971595,-5.817,,,0
659,658,SAG_BATH_00641,7400041.632000000216067,407926.913000000000466,-5.786,,,0
660,659,SAG_BATH_00642,7400042.214999999850988,407926.473999999987427,-13.733,,,0
661,660,SAG_BATH_00643,7400042.712000000290573,407926.364000000001397,-4.568,,,0
662,661,SAG_BATH_00644,7400043.366000000387430,407926.287000000011176,-4.409,,,0
663,662,SAG_BATH_00645,7400043.922000000253320,407926.163999999989755,-4.497,,,0
664,663,SAG_BATH_00646,7400044.466000000014901,407926.221000000019558,-4.157,,,0
665,664,SAG_BATH_00647,7400045.134999999776483,407926.462999999988824,-4.077,,,0
666,665,SAG_BATH_00648,7400045.866000000387430,407926.629000000015367,-3.784,,,0
667,666,SAG_BATH_00649,7400046.372999999672174,407926.806999999971595,-3.635,,,0
668,667,SAG_BATH_00650,7400046.851999999955297,407927.027000000001863,-3.751,,,0
669,668,SAG_BATH_00651,7400047.330000000074506,407927.260000000009313,-3.773,,,0
670,669,SAG_BATH_00652,7400047.831000000238419,407927.465000000025611,-4.108,,,0
671,670,SAG_BATH_00653,7400048.444000000134110,407927.471000000019558,-4.145,,,0
672,671,SAG_BATH_00654,7400049.165000000037253,407927.373000000021420,-4.1,,,0
673,672,SAG_BATH_00655,7400049.786000000312924,407927.332999999984168,-3.889,,,0
674,673,SAG_BATH_00656,7400050.260999999940395,407927.086999999999534,-4.056,,,0
675,674,SAG_BATH_00657,7400050.820000000298023,407926.864000000001397,-4.334,,,0
676,675,SAG_BATH_00658,7400051.356999999843538,407926.831999999994878,-4.318,,,0
677,676,SAG_BATH_00659,7400051.875000000000000,407926.783999999985099,-4.452,,,0
678,677,SAG_BATH_00660,7400052.421000000089407,407926.619999999995343,-4.469,,,0
679,678,SAG_BATH_00661,7400053.035000000149012,407926.460000000020955,-4.614,,,0
680,679,SAG_BATH_00662,7400053.620000000111759,407926.357000000018161,-4.884,,,0
681,680,SAG_BATH_00663,7400054.160000000149012,407926.202999999979511,-5.761,,,0
682,681,SAG_BATH_00664,7400054.741000000387430,407926.077999999979511,-6.261,,,0
683,682,SAG_BATH_00665,7400055.319000000134110,407926.152999999991152,-6.072,,,0
684,683,SAG_BATH_00666,7400055.870000000111759,407926.210000000020955,-6.235,,,0
685,684,SAG_BATH_00667,7400056.525999999605119,407926.173999999999069,-4.875,,,0
686,685,SAG_BATH_00668,7400057.123999999836087,407926.563000000023749,-4.605,,,0
687,686,SAG_BATH_00669,7400057.478000000119209,407926.930999999982305,-4.659,,,0
688,687,SAG_BATH_00670,7400057.766999999992549,407927.344999999972060,-4.561,,,0
689,688,SAG_BATH_00671,7400058.076000000350177,407927.844999999972060,-4.534,,,0
690,689,SAG_BATH_00672,7400058.408999999985099,407928.335000000020955,-4.472,,,0
691,690,SAG_BATH_00673,7400058.849999999627471,407928.836000000010245,-4.875,,,0
692,691,SAG_BATH_00674,7400059.331000000238419,407928.619000000006054,-4.573,,,0
693,692,SAG_BATH_00675,7400059.825000000186265,407928.385999999998603,-4.092,,,0
694,693,SAG_BATH_00676,7400060.366999999620020,407927.977000000013504,-3.871,,,0
695,694,SAG_BATH_00677,7400060.968000000342727,407927.690000000002328,-3.535,,,0
696,695,SAG_BATH_00678,7400061.462000000290573,407928.092999999993481,-3.757,,,0
697,696,SAG_BATH_00679,7400061.927000000141561,407928.621999999973923,-3.805,,,0
698,697,SAG_BATH_00680,7400062.290000000037253,407929.141999999992549,-3.848,,,0
699,698,SAG_BATH_00681,7400062.644999999552965,407929.587999999988824,-3.908,,,0
700,699,SAG_BATH_00682,7400063.097000000067055,407929.829000000027008,-3.947,,,0
701,700,SAG_BATH_00683,7400063.708999999798834,407930.113000000012107,-3.837,,,0
702,701,SAG_BATH_00684,7400064.275999999605119,407930.409999999974389,-3.713,,,0
703,702,SAG_BATH_00685,7400064.821999999694526,407930.742000000027474,-3.868,,,0
704,703,SAG_BATH_00686,7400065.391999999992549,407930.857000000018161,-4.259,,,0
705,704,SAG_BATH_00687,7400065.957000000402331,407930.700000000011642,-4.275,,,0
706,705,SAG_BATH_00688,7400066.540000000037253,407930.593999999982771,-4.432,,,0
707,706,SAG_BATH_00689,7400067.140999999828637,407930.337999999988824,-4.625,,,0
708,707,SAG_BATH_00690,7400067.701999999582767,407930.255000000004657,-4.962,,,0
709,708,SAG_BATH_00691,7400068.388000000268221,407930.378000000026077,-5.121,,,0
710,709,SAG_BATH_00692,7400068.992999999783933,407930.414999999979045,-10.528,,,0
711,710,SAG_BATH_00693,7400069.592000000178814,407930.695000000006985,-4.659,,,0
712,711,SAG_BATH_00694,7400070.186999999918044,407930.920999999972992,-4.336,,,0
713,712,SAG_BATH_00695,7400070.824000000022352,407930.905000000027940,-0.932,,,0
714,713,SAG_BATH_00696,7400071.349000000394881,407930.918999999994412,-4.282,,,0
715,714,SAG_BATH_00697,7400071.928999999538064,407930.760999999998603,-4.197,,,0
716,715,SAG_BATH_00698,7400072.531999999657273,407930.451999999990221,-4.218,,,0
717,716,SAG_BATH_00699,7400073.112999999895692,407930.108999999996740,-4.16,,,0
718,717,SAG_BATH_00700,7400073.777999999932945,407929.793000000005122,-4.42,,,0
719,718,SAG_BATH_00701,7400074.497000000439584,407929.789999999979045,-4.512,,,0
720,719,SAG_BATH_00702,7400075.082000000402331,407929.820999999996275,-4.902,,,0
721,720,SAG_BATH_00703,7400075.615000000223517,407929.772999999986496,-8.787,,,0
722,721,SAG_BATH_00704,7400076.195000000298023,407929.806999999971595,-5.984,,,0
723,722,SAG_BATH_00705,7400076.773000000044703,407929.733000000007451,-5.864,,,0
724,723,SAG_BATH_00706,7400077.298999999649823,407929.621999999973923,-6.241,,,0
725,724,SAG_BATH_00707,7400078.016999999992549,407929.538000000000466,-20.304,,,0
726,725,SAG_BATH_00708,7400078.692999999970198,407929.445999999996275,-4.544,,,0
727,726,SAG_BATH_00709,7400079.203999999910593,407929.427000000025146,-4.449,,,0
728,727,SAG_BATH_00710,7400079.718000000342727,407929.444000000017695,-4.32,,,0
729,728,SAG_BATH_00711,7400080.338999999687076,407929.520000000018626,-4.065,,,0
730,729,SAG_BATH_00712,7400080.819000000134110,407929.773999999975786,-4.136,,,0
731,730,SAG_BATH_00713,7400081.286999999545515,407930.066999999980908,-4.109,,,0
732,731,SAG_BATH_00714,7400081.792999999597669,407930.304000000003725,-4.173,,,0
733,732,SAG_BATH_00715,7400082.264999999664724,407930.700000000011642,-4.018,,,0
734,733,SAG_BATH_00716,7400082.768000000156462,407930.961999999999534,-3.929,,,0
735,734,SAG_BATH_00717,7400083.353000000119209,407931.224999999976717,-4.332,,,0
736,735,SAG_BATH_00718,7400083.962000000290573,407931.511999999987893,-4.045,,,0
737,736,SAG_BATH_00719,7400084.516999999992549,407931.913999999989755,-3.967,,,0
738,737,SAG_BATH_00720,7400084.975999999791384,407932.173999999999069,-3.927,,,0
739,738,SAG_BATH_00721,7400085.546000000089407,407932.255000000004657,-4.252,,,0
740,739,SAG_BATH_00722,7400086.076000000350177,407932.420999999972992,-4.204,,,0
741,740,SAG_BATH_00723,7400086.637000000104308,407932.316999999980908,-4.197,,,0
742,741,SAG_BATH_00724,7400087.224999999627471,407932.140000000013970,-4.27,,,0
743,742,SAG_BATH_00725,7400087.764000000432134,407932.308000000019092,-4.45,,,0
744,743,SAG_BATH_00726,7400088.309999999590218,407932.495999999984633,-4.467,,,0
745,744,SAG_BATH_00727,7400088.803999999538064,407932.728000000002794,-4.915,,,0
746,745,SAG_BATH_00728,7400089.389999999664724,407933.066999999980908,-5.1,,,0
747,746,SAG_BATH_00729,7400089.978000000119209,407933.460000000020955,-5.221,,,0
748,747,SAG_BATH_00730,7400090.550999999977648,407933.756999999983236,-4.908,,,0
749,748,SAG_BATH_00731,7400091.089999999850988,407933.940000000002328,-4.392,,,0
750,749,SAG_BATH_00732,7400091.588000000454485,407933.862000000022817,-4.28,,,0
751,750,SAG_BATH_00733,7400092.288999999873340,407933.696999999985565,-4.618,,,0
752,751,SAG_BATH_00734,7400092.805999999865890,407933.443000000028405,-3.826,,,0
753,752,SAG_BATH_00735,7400093.334999999962747,407933.277999999991152,-3.912,,,0
754,753,SAG_BATH_00736,7400093.940000000409782,407933.396999999997206,-3.834,,,0
755,754,SAG_BATH_00737,7400094.564000000245869,407933.521000000007916,-3.818,,,0
756,755,SAG_BATH_00738,7400095.109000000171363,407933.722999999998137,-4.016,,,0
757,756,SAG_BATH_00739,7400095.737999999895692,407934.063000000023749,-4.065,,,0
758,757,SAG_BATH_00740,7400096.395999999716878,407934.375999999989290,-4.175,,,0
759,758,SAG_BATH_00741,7400096.932000000029802,407934.604999999981374,-4.26,,,0
760,759,SAG_BATH_00742,7400097.502999999560416,407934.757999999972526,-4.298,,,0
761,760,SAG_BATH_00743,7400098.029000000096858,407934.672000000020489,-4.587,,,0
762,761,SAG_BATH_00744,7400098.621000000275671,407934.482000000018161,-4.699,,,0
763,762,SAG_BATH_00745,7400099.167000000365078,407934.335000000020955,-4.906,,,0
764,763,SAG_BATH_00746,7400099.752000000327826,407934.202999999979511,-5.098,,,0
765,764,SAG_BATH_00747,7400100.428000000305474,407934.294999999983702,-5.102,,,0
766,765,SAG_BATH_00748,7400101.043999999761581,407934.636999999987893,-6.023,,,0
767,766,SAG_BATH_00749,7400101.652999999932945,407935.033999999985099,-6.413,,,0
768,767,SAG_BATH_00750,7400102.088999999687076,407935.330000000016298,-6.456,,,0
769,768,SAG_BATH_00751,7400102.533999999985099,407935.586000000010245,-6.402,,,0
770,769,SAG_BATH_00752,7400103.094999999739230,407935.786000000021886,-5.101,,,0
771,770,SAG_BATH_00753,7400103.773000000044703,407935.928000000014435,-5.154,,,0
772,771,SAG_BATH_00754,7400104.371000000275671,407935.960000000020955,-4.572,,,0
773,772,SAG_BATH_00755,7400104.901999999769032,407935.901000000012573,-4.414,,,0
774,773,SAG_BATH_00756,7400105.497999999672174,407935.989999999990687,-4.091,,,0
775,774,SAG_BATH_00757,7400106.086000000126660,407935.923999999999069,-4.033,,,0
776,775,SAG_BATH_00758,7400106.707000000402331,407935.966000000014901,-3.948,,,0
777,776,SAG_BATH_00759,7400107.382000000216067,407935.924999999988358,-3.863,,,0
778,777,SAG_BATH_00760,7400107.884999999776483,407935.793000000005122,-3.759,,,0
779,778,SAG_BATH_00761,7400108.367999999783933,407935.594999999972060,-3.953,,,0
780,779,SAG_BATH_00762,7400108.855000000447035,407935.311999999976251,-4.187,,,0
781,780,SAG_BATH_00763,7400109.377999999560416,407935.053000000014435,-4.078,,,0
782,781,SAG_BATH_00764,7400109.900000000372529,407934.913999999989755,-3.929,,,0
783,782,SAG_BATH_00765,7400110.531999999657273,407934.754000000015367,-4.577,,,0
784,783,SAG_BATH_00766,7400111.067999999970198,407934.594999999972060,-14.549,,,0
785,784,SAG_BATH_00767,7400111.598000000230968,407934.512999999977183,-5.344,,,0
786,785,SAG_BATH_00768,7400112.156000000424683,407934.451999999990221,-4.618,,,0
787,786,SAG_BATH_00769,7400112.756000000052154,407934.336000000010245,-4.366,,,0
788,787,SAG_BATH_00770,7400113.411000000312924,407934.151000000012573,-3.98,,,0
789,788,SAG_BATH_00771,7400113.968000000342727,407933.859999999986030,-4.117,,,0
790,789,SAG_BATH_00772,7400114.439000000245869,407933.678000000014435,-4.038,,,0
791,790,SAG_BATH_00773,7400115.063000000081956,407933.382999999972526,-3.98,,,0
792,791,SAG_BATH_00774,7400115.634999999776483,407932.934999999997672,-4.047,,,0
793,792,SAG_BATH_00775,7400116.144999999552965,407932.782000000006519,-4.027,,,0
794,793,SAG_BATH_00776,7400116.866999999620020,407932.782000000006519,-3.786,,,0
795,794,SAG_BATH_00777,7400117.572999999858439,407932.733999999996740,-3.8,,,0
796,795,SAG_BATH_00778,7400118.228000000119209,407932.762999999977183,-3.746,,,0
797,796,SAG_BATH_00779,7400118.836000000126660,407932.930999999982305,-3.569,,,0
798,797,SAG_BATH_00780,7400119.381000000052154,407932.923999999999069,-3.698,,,0
799,798,SAG_BATH_00781,7400119.966000000014901,407932.798999999999069,-3.839,,,0
800,799,SAG_BATH_00782,7400120.502999999560416,407932.507999999972526,-3.657,,,0
801,800,SAG_BATH_00783,7400120.898000000044703,407932.178000000014435,-3.63,,,0
802,801,SAG_BATH_00784,7400121.330000000074506,407931.841000000014901,-3.626,,,0
803,802,SAG_BATH_00785,7400121.974999999627471,407931.492000000027474,-3.451,,,0
804,803,SAG_BATH_00786,7400122.701999999582767,407931.318000000028405,-3.548,,,0
805,804,SAG_BATH_00787,7400123.257000000216067,407931.298000000009779,-3.682,,,0
806,805,SAG_BATH_00788,7400123.792999999597669,407931.298000000009779,-3.661,,,0
807,806,SAG_BATH_00789,7400124.330000000074506,407931.354999999981374,-3.861,,,0
808,807,SAG_BATH_00790,7400124.890999999828637,407931.424999999988358,-3.679,,,0
809,808,SAG_BATH_00791,7400125.424999999813735,407931.505000000004657,-3.651,,,0
810,809,SAG_BATH_00792,7400126.120000000111759,407931.537000000011176,-3.925,,,0
811,810,SAG_BATH_00793,7400126.810999999754131,407931.346000000019558,-4.054,,,0
812,811,SAG_BATH_00794,7400127.343999999575317,407931.090000000025611,-4.192,,,0
813,812,SAG_BATH_00795,7400127.961000000126660,407930.819000000017695,-4.454,,,0
814,813,SAG_BATH_00796,7400128.525999999605119,407930.548000000009779,-4.612,,,0
815,814,SAG_BATH_00797,7400129.106999999843538,407930.219999999972060,-5.878,,,0
816,815,SAG_BATH_00798,7400129.845999999903142,407930.256999999983236,-5.871,,,0
817,816,SAG_BATH_00799,7400130.542999999597669,407930.385000000009313,-5.927,,,0
818,817,SAG_BATH_00800,7400131.151999999769032,407930.318000000028405,-5.639,,,0
819,818,SAG_BATH_00801,7400131.786999999545515,407930.308000000019092,-6.172,,,0
820,819,SAG_BATH_00802,7400132.315000000409782,407930.195000000006985,-5.293,,,0
821,820,SAG_BATH_00803,7400132.887000000104308,407929.865999999979977,-4.835,,,0
822,821,SAG_BATH_00804,7400133.548999999649823,407929.749000000010710,-4.21,,,0
823,822,SAG_BATH_00805,7400134.112999999895692,407929.697999999974854,-4.043,,,0
824,823,SAG_BATH_00806,7400134.629999999888241,407929.672000000020489,-4.09,,,0
825,824,SAG_BATH_00807,7400135.185999999754131,407929.693000000028405,-4.161,,,0
826,825,SAG_BATH_00808,7400135.757000000216067,407929.680999999982305,-3.887,,,0
827,826,SAG_BATH_00809,7400136.447999999858439,407929.825000000011642,-4.367,,,0
828,827,SAG_BATH_00810,7400137.131000000052154,407930.054999999993015,-4.454,,,0
829,828,SAG_BATH_00811,7400137.716000000014901,407930.170999999972992,-4.731,,,0
830,829,SAG_BATH_00812,7400138.349000000394881,407930.515000000013970,-5.618,,,0
831,830,SAG_BATH_00813,7400139.018000000156462,407930.750999999989290,-5.672,,,0
832,831,SAG_BATH_00814,7400139.582999999634922,407930.710000000020955,-5.889,,,0
833,832,SAG_BATH_00815,7400140.127999999560416,407930.629000000015367,-5.159,,,0
834,833,SAG_BATH_00816,7400140.741999999620020,407930.593999999982771,-0.798,,,0
835,834,SAG_BATH_00817,7400141.343000000342727,407930.306999999971595,-4.09,,,0
836,835,SAG_BATH_00818,7400141.912999999709427,407930.235999999975320,-4.111,,,0
837,836,SAG_BATH_00819,7400142.446000000461936,407930.107000000018161,-0.979,,,0
838,837,SAG_BATH_00820,7400143.118999999947846,407930.134000000020023,-3.95,,,0
839,838,SAG_BATH_00821,7400143.739000000059605,407930.088999999978114,-3.835,,,0
840,839,SAG_BATH_00822,7400144.385999999940395,407929.993000000016764,-0.959,,,0
841,840,SAG_BATH_00823,7400145.048999999649823,407929.923999999999069,-3.734,,,0
842,841,SAG_BATH_00824,7400145.626000000163913,407929.826999999990221,-3.819,,,0
843,842,SAG_BATH_00825,7400146.213999999687076,407929.717999999993481,-4.072,,,0
844,843,SAG_BATH_00826,7400146.842000000178814,407929.952999999979511,-4.077,,,0
845,844,SAG_BATH_00827,7400147.417000000365078,407930.158999999985099,-1.398,,,0
846,845,SAG_BATH_00828,7400147.980000000447035,407930.525000000023283,-4.655,,,0
847,846,SAG_BATH_00829,7400148.646999999880791,407930.721000000019558,-4.81,,,0
848,847,SAG_BATH_00830,7400149.201000000350177,407930.798999999999069,-5.32,,,0
849,848,SAG_BATH_00831,7400149.838999999687076,407930.659999999974389,-4.978,,,0
850,849,SAG_BATH_00832,7400150.360999999567866,407930.461000000010245,-5.398,,,0
851,850,SAG_BATH_00833,7400151.008999999612570,407930.431999999971595,-4.619,,,0
852,851,SAG_BATH_00834,7400151.623999999836087,407930.396000000007916,-4.501,,,0
853,852,SAG_BATH_00835,7400152.145999999716878,407930.396999999997206,-4.529,,,0
854,853,SAG_BATH_00836,7400152.667999999597669,407930.716000000014901,-4.374,,,0
855,854,SAG_BATH_00837,7400153.182000000029802,407930.808000000019092,-4.503,,,0
856,855,SAG_BATH_00838,7400153.856999999843538,407931.023999999975786,-5.065,,,0
857,856,SAG_BATH_00839,7400154.436999999918044,407931.455000000016298,-5.6,,,0
858,857,SAG_BATH_00840,7400155.009999999776483,407931.586000000010245,-21.076,,,0
859,858,SAG_BATH_00841,7400155.554999999701977,407931.528999999980442,-5.223,,,0
860,859,SAG_BATH_00842,7400156.192999999970198,407931.419999999983702,-4.455,,,0
861,860,SAG_BATH_00843,7400156.834999999962747,407931.288000000000466,-4.264,,,0
862,861,SAG_BATH_00844,7400157.546000000089407,407931.211999999999534,-3.661,,,0
863,862,SAG_BATH_00845,7400158.139000000432134,407931.379000000015367,-3.736,,,0
864,863,SAG_BATH_00846,7400158.756000000052154,407931.696999999985565,-3.796,,,0
865,864,SAG_BATH_00847,7400159.367999999783933,407932.088999999978114,-3.988,,,0
866,865,SAG_BATH_00848,7400159.898000000044703,407932.563000000023749,-3.891,,,0
867,866,SAG_BATH_00849,7400160.487999999895692,407932.909999999974389,-3.948,,,0
868,867,SAG_BATH_00850,7400161.066999999806285,407933.322999999974854,-3.841,,,0
869,868,SAG_BATH_00851,7400161.507000000216067,407933.560999999986961,-3.939,,,0
870,869,SAG_BATH_00852,7400162.140999999828637,407933.869999999995343,-4.11,,,0
871,870,SAG_BATH_00853,7400162.743999999947846,407934.278999999980442,-5.559,,,0
872,871,SAG_BATH_00854,7400163.248999999836087,407934.418000000005122,-5.254,,,0
873,872,SAG_BATH_00855,7400163.793999999761581,407934.358000000007451,-5.032,,,0
874,873,SAG_BATH_00856,7400164.233000000007451,407934.092000000004191,-4.652,,,0
875,874,SAG_BATH_00857,7400164.845999999903142,407933.689000000013039,-4.312,,,0
876,875,SAG_BATH_00858,7400165.315999999642372,407933.281000000017229,-4.566,,,0
877,876,SAG_BATH_00859,7400165.938000000081956,407933.152000000001863,-1.28,,,0
878,877,SAG_BATH_00860,7400166.625000000000000,407933.414999999979045,-5.731,,,0
879,878,SAG_BATH_00861,7400167.184000000357628,407933.838999999978114,-5.769,,,0
880,879,SAG_BATH_00862,7400167.765999999828637,407934.108999999996740,-5.202,,,0
881,880,SAG_BATH_00863,7400168.428999999538064,407934.423999999999069,-4.589,,,0
882,881,SAG_BATH_00864,7400169.088999999687076,407934.642999999981839,-4.467,,,0
883,882,SAG_BATH_00865,7400169.819000000134110,407934.565999999991618,-4.233,,,0
884,883,SAG_BATH_00866,7400170.462000000290573,407934.244999999995343,-4.184,,,0
885,884,SAG_BATH_00867,7400171.043999999761581,407933.920999999972992,-3.944,,,0
886,885,SAG_BATH_00868,7400171.581000000238419,407933.439000000013039,-4,,,0
887,886,SAG_BATH_00869,7400172.016999999992549,407933.103000000002794,-3.883,,,0
888,887,SAG_BATH_00870,7400172.705000000074506,407932.893999999971129,-3.733,,,0
889,888,SAG_BATH_00871,7400173.432000000029802,407932.987000000022817,-3.96,,,0
890,889,SAG_BATH_00872,7400173.968000000342727,407933.091000000014901,-3.98,,,0
891,890,SAG_BATH_00873,7400174.484000000171363,407933.222999999998137,-4.051,,,0
892,891,SAG_BATH_00874,7400175.167000000365078,407933.544999999983702,-4.041,,,0
893,892,SAG_BATH_00875,7400175.605000000447035,407933.831999999994878,-4.239,,,0
894,893,SAG_BATH_00876,7400176.040000000037253,407934.134000000020023,-4.317,,,0
895,894,SAG_BATH_00877,7400176.480999999679625,407934.456000000005588,-4.253,,,0
896,895,SAG_BATH_00878,7400176.942999999970198,407934.793000000005122,-4.614,,,0
897,896,SAG_BATH_00879,7400177.430999999865890,407935.061999999976251,-5.048,,,0
898,897,SAG_BATH_00880,7400178.116999999620020,407935.126999999978580,-21.156,,,0
899,898,SAG_BATH_00882,7400179.256000000052154,407934.254000000015367,-6.063,,,0
900,899,SAG_BATH_00883,7400179.746000000275671,407933.804999999993015,-9.648,,,0
901,900,SAG_BATH_00884,7400180.184999999590218,407933.369999999995343,-4.352,,,0
902,901,SAG_BATH_00885,7400180.662999999709427,407933.026000000012573,-4.338,,,0
903,902,SAG_BATH_00886,7400181.156999999657273,407932.842000000004191,-4.368,,,0
904,903,SAG_BATH_00887,7400181.661999999545515,407932.842000000004191,-4.372,,,0
905,904,SAG_BATH_00888,7400182.239000000059605,407932.994000000006054,-4.607,,,0
906,905,SAG_BATH_00889,7400182.783999999985099,407933.244999999995343,-4.932,,,0
907,906,SAG_BATH_00890,7400183.345999999903142,407933.456999999994878,-4.797,,,0
908,907,SAG_BATH_00891,7400183.940999999642372,407933.494999999995343,-5.033,,,0
909,908,SAG_BATH_00892,7400184.578999999910593,407933.636999999987893,-5.694,,,0
910,909,SAG_BATH_00893,7400185.054999999701977,407933.857000000018161,-4.867,,,0
911,910,SAG_BATH_00894,7400185.536999999545515,407934.114999999990687,-4.72,,,0
912,911,SAG_BATH_00895,7400185.995000000111759,407934.396999999997206,-4.322,,,0
913,912,SAG_BATH_00896,7400186.413999999873340,407934.697999999974854,-4.456,,,0
914,913,SAG_BATH_00897,7400186.989000000059605,407935.104999999981374,-4.271,,,0
915,914,SAG_BATH_00898,7400187.674999999813735,407934.889000000024680,-4.771,,,0
916,915,SAG_BATH_00899,7400188.211000000126660,407934.267999999981839,-4.586,,,0
917,916,SAG_BATH_00901,7400189.366999999620020,407933.284999999974389,-3.473,,,0
918,917,SAG_BATH_00902,7400189.953999999910593,407932.836999999999534,-3.429,,,0
919,918,SAG_BATH_00903,7400190.474999999627471,407932.402999999991152,-3.537,,,0
920,919,SAG_BATH_00904,7400191.026999999769032,407932.181999999971595,-3.56,,,0
921,920,SAG_BATH_00905,7400191.553000000305474,407932.162000000011176,-3.72,,,0
922,921,SAG_BATH_00906,7400192.048999999649823,407932.244000000006054,-3.714,,,0
923,922,SAG_BATH_00907,7400192.541000000201166,407932.398999999975786,-3.758,,,0
924,923,SAG_BATH_00908,7400193.047000000253320,407932.588999999978114,-3.818,,,0
925,924,SAG_BATH_00909,7400193.557000000029802,407932.759000000020023,-3.722,,,0
926,925,SAG_BATH_00910,7400194.175999999977648,407932.913000000000466,-3.803,,,0
927,926,SAG_BATH_00911,7400194.889000000432134,407933.216000000014901,-3.846,,,0
928,927,SAG_BATH_00912,7400195.550999999977648,407933.427000000025146,-4.045,,,0
929,928,SAG_BATH_00913,7400196.128999999724329,407933.384000000020023,-4.14,,,0
930,929,SAG_BATH_00914,7400196.770999999716878,407933.250999999989290,-3.874,,,0
931,930,SAG_BATH_00915,7400197.384999999776483,407932.950000000011642,-4.011,,,0
932,931,SAG_BATH_00916,7400197.980999999679625,407932.614999999990687,-4.438,,,0
933,932,SAG_BATH_00917,7400198.559000000357628,407932.143999999971129,-4.921,,,0
934,933,SAG_BATH_00918,7400198.956000000238419,407931.737000000022817,-0.546,,,0
935,934,SAG_BATH_00919,7400199.404000000096858,407931.370999999984633,-4.909,,,0
936,935,SAG_BATH_00920,7400199.843000000342727,407931.048999999999069,-5.096,,,0
937,936,SAG_BATH_00921,7400200.313000000081956,407930.710000000020955,-5.794,,,0
938,937,SAG_BATH_00922,7400200.849999999627471,407930.515000000013970,-5.994,,,0
939,938,SAG_BATH_00923,7400201.584999999962747,407930.545999999972992,-6.128,,,0
940,939,SAG_BATH_00924,7400202.303000000305474,407930.677000000025146,-15.503,,,0
941,940,SAG_BATH_00925,7400202.923999999649823,407930.713999999978114,-4.584,,,0
942,941,SAG_BATH_00926,7400203.502999999560416,407930.542000000015832,-4.451,,,0
943,942,SAG_BATH_00927,7400204.094999999739230,407930.396000000007916,-4.164,,,0
944,943,SAG_BATH_00928,7400204.747000000439584,407930.103999999992084,-4.066,,,0
945,944,SAG_BATH_00929,7400205.473000000230968,407930.139000000024680,-4.173,,,0
946,945,SAG_BATH_00930,7400205.919999999925494,407930.418999999994412,-4.049,,,0
947,946,SAG_BATH_00931,7400206.547000000253320,407930.771000000007916,-4.709,,,0
948,947,SAG_BATH_00932,7400207.052000000141561,407930.884000000020023,-4.973,,,0
949,948,SAG_BATH_00933,7400207.754999999888241,407931.017999999981839,-4.753,,,0
950,949,SAG_BATH_00934,7400208.405000000260770,407931.032000000006519,-5.301,,,0
951,950,SAG_BATH_00935,7400208.882000000216067,407930.844999999972060,-5.479,,,0
952,951,SAG_BATH_00936,7400209.336000000126660,407930.568000000028405,-5.572,,,0
953,952,SAG_BATH_00937,7400209.891999999992549,407930.185999999986961,-4.571,,,0
954,953,SAG_BATH_00938,7400210.507000000216067,407929.842999999993481,-4.035,,,0
955,954,SAG_BATH_00939,7400211.123999999836087,407929.773999999975786,-3.804,,,0
956,955,SAG_BATH_00940,7400211.736999999731779,407929.708999999973457,-3.889,,,0
957,956,SAG_BATH_00941,7400212.413999999873340,407929.891999999992549,-3.7,,,0
958,957,SAG_BATH_00942,7400212.855000000447035,407930.201999999990221,-3.673,,,0
959,958,SAG_BATH_00943,7400213.337000000290573,407930.465000000025611,-3.728,,,0
960,959,SAG_BATH_00944,7400213.838999999687076,407930.685999999986961,-3.739,,,0
961,960,SAG_BATH_00945,7400214.287999999709427,407931.027999999991152,-3.731,,,0
962,961,SAG_BATH_00946,7400214.690999999642372,407931.428000000014435,-3.741,,,0
963,962,SAG_BATH_00947,7400215.408999999985099,407931.565000000002328,-3.98,,,0
964,963,SAG_BATH_00948,7400215.922000000253320,407931.374000000010710,-3.718,,,0
965,964,SAG_BATH_00949,7400216.531000000424683,407931.273999999975786,-3.552,,,0
966,965,SAG_BATH_00950,7400217.180999999865890,407931.189000000013039,-3.689,,,0
967,966,SAG_BATH_00951,7400217.862999999895692,407930.893999999971129,-3.794,,,0
968,967,SAG_BATH_00952,7400218.435999999754131,407930.743000000016764,-0.821,,,0
969,968,SAG_BATH_00953,7400219.111999999731779,407930.516000000003260,-3.746,,,0
970,969,SAG_BATH_00954,7400219.633000000379980,407930.393999999971129,-3.556,,,0
971,970,SAG_BATH_00955,7400220.158999999985099,407930.266999999992549,-3.669,,,0
972,971,SAG_BATH_00956,7400220.657999999821186,407930.129000000015367,-3.919,,,0
973,972,SAG_BATH_00957,7400221.360000000335276,407930.086000000010245,-4.096,,,0
974,973,SAG_BATH_00958,7400221.850999999791384,407930.271999999997206,-4.251,,,0
975,974,SAG_BATH_00959,7400222.535000000149012,407930.510999999998603,-4.282,,,0
976,975,SAG_BATH_00960,7400223.174999999813735,407930.803000000014435,-4.556,,,0
977,976,SAG_BATH_00961,7400223.610999999567866,407931.091000000014901,-4.682,,,0
978,977,SAG_BATH_00962,7400224.275000000372529,407931.287000000011176,-5.708,,,0
979,978,SAG_BATH_00963,7400224.968999999575317,407931.086000000010245,-5.36,,,0
980,979,SAG_BATH_00964,7400225.502000000327826,407930.857000000018161,-4.704,,,0
981,980,SAG_BATH_00965,7400225.950000000186265,407930.492000000027474,-4.107,,,0
982,981,SAG_BATH_00966,7400226.388000000268221,407930.000999999989290,-4.062,,,0
983,982,SAG_BATH_00967,7400226.889999999664724,407929.575000000011642,-3.728,,,0
984,983,SAG_BATH_00968,7400227.438000000081956,407929.330000000016298,-3.355,,,0
985,984,SAG_BATH_00969,7400227.928999999538064,407929.190000000002328,-3.538,,,0
986,985,SAG_BATH_00970,7400228.594999999739230,407929.106000000028871,-3.551,,,0
987,986,SAG_BATH_00971,7400229.197999999858439,407929.440999999991618,-3.484,,,0
988,987,SAG_BATH_00972,7400229.618999999947846,407929.782000000006519,-3.502,,,0
989,988,SAG_BATH_00973,7400230.235000000335276,407930.179999999993015,-3.52,,,0
990,989,SAG_BATH_00974,7400230.780000000260770,407930.564000000013039,-3.535,,,0
991,990,SAG_BATH_00975,7400231.343999999575317,407930.766000000003260,-3.712,,,0
992,991,SAG_BATH_00976,7400231.924999999813735,407930.446999999985565,-3.746,,,0
993,992,SAG_BATH_00977,7400232.320000000298023,407930.102000000013504,-3.693,,,0
994,993,SAG_BATH_00978,7400232.740000000223517,407929.814000000013039,-3.514,,,0
995,994,SAG_BATH_00979,7400233.166000000201166,407929.451999999990221,-3.43,,,0
996,995,SAG_BATH_00980,7400233.661000000312924,407929.172000000020489,-2.998,,,0
997,996,SAG_BATH_00981,7400234.157999999821186,407929.075000000011642,-3.127,,,0
998,997,SAG_BATH_00982,7400234.793999999761581,407929.123000000021420,-3.413,,,0
999,998,SAG_BATH_00983,7400235.292999999597669,407929.157999999995809,-3.767,,,0
1000,999,SAG_BATH_00984,7400235.974999999627471,407929.065999999991618,-3.931,,,0
1001,1000,SAG_BATH_00985,7400236.542000000365078,407928.983999999996740,-3.578,,,0
1002,1001,SAG_BATH_00986,7400237.195000000298023,407928.922000000020489,-3.945,,,0
1003,1002,SAG_BATH_00987,7400237.817999999970198,407928.829000000027008,-3.973,,,0
1004,1003,SAG_BATH_00988,7400238.366000000387430,407928.777999999991152,-19.563,,,0
1005,1004,SAG_BATH_00989,7400238.910000000149012,407928.902000000001863,-4.76,,,0
1006,1005,SAG_BATH_00990,7400239.538999999873340,407928.956000000005588,-4.698,,,0
1007,1006,SAG_BATH_00991,7400240.074000000022352,407928.718999999982771,-5.323,,,0
1008,1007,SAG_BATH_00992,7400240.746000000275671,407928.518999999971129,-4.768,,,0
1009,1008,SAG_BATH_00993,7400241.373999999836087,407928.175999999977648,-4.383,,,0
1010,1009,SAG_BATH_00994,7400241.781999999657273,407927.849999999976717,-4.051,,,0
1011,1010,SAG_BATH_00995,7400242.339999999850988,407927.601000000024214,-0.962,,,0
1012,1011,SAG_BATH_00996,7400242.878999999724329,407927.565999999991618,-3.856,,,0
1013,1012,SAG_BATH_00997,7400243.512000000104308,407927.582999999984168,-3.959,,,0
1014,1013,SAG_BATH_00998,7400244.172000000253320,407927.804000000003725,-3.628,,,0
1015,1014,SAG_BATH_00999,7400244.644999999552965,407928.021999999997206,-3.759,,,0
1016,1015,SAG_BATH_01000,7400245.100999999791384,407928.233000000007451,-3.843,,,0
1017,1016,SAG_BATH_01001,7400245.581000000238419,407928.402000000001863,-4.068,,,0
1018,1017,SAG_BATH_01002,7400246.093999999575317,407928.478000000002794,-4.008,,,0
1019,1018,SAG_BATH_01003,7400246.639999999664724,407928.443000000028405,-4.085,,,0
1020,1019,SAG_BATH_01004,7400247.236999999731779,407928.407000000006519,-14.893,,,0
1021,1020,SAG_BATH_01005,7400247.827999999746680,407928.391999999992549,-4.871,,,0
1022,1021,SAG_BATH_01006,7400248.417000000365078,407928.364999999990687,-4.857,,,0
1023,1022,SAG_BATH_01007,7400248.934999999590218,407928.270000000018626,-4.581,,,0
1024,1023,SAG_BATH_01008,7400249.549999999813735,407928.169999999983702,-4.35,,,0
1025,1024,SAG_BATH_01009,7400250.123999999836087,407928.195000000006985,-5.375,,,0
1026,1025,SAG_BATH_01010,7400250.610999999567866,407927.934000000008382,-3.966,,,0
1027,1026,SAG_BATH_01011,7400251.327999999746680,407927.831999999994878,-3.931,,,0
1028,1027,SAG_BATH_01012,7400251.864000000059605,407927.829000000027008,-4.01,,,0
1029,1028,SAG_BATH_01013,7400252.368999999947846,407927.680999999982305,-4.171,,,0
1030,1029,SAG_BATH_01014,7400252.841000000014901,407927.382999999972526,-4.403,,,0
1031,1030,SAG_BATH_01015,7400253.307000000029802,407927.115999999979977,-4.56,,,0
1032,1031,SAG_BATH_01016,7400253.786999999545515,407926.939000000013039,-4.39,,,0
1033,1032,SAG_BATH_01017,7400254.281999999657273,407926.772999999986496,-4.478,,,0
1034,1033,SAG_BATH_01018,7400254.901999999769032,407926.506999999983236,-5.493,,,0
1035,1034,SAG_BATH_01019,7400255.537999999709427,407926.286000000021886,-5.776,,,0
1036,1035,SAG_BATH_01020,7400256.033999999985099,407926.190000000002328,-5.374,,,0
1037,1036,SAG_BATH_01021,7400256.739000000059605,407926.049999999988358,-5.389,,,0
1038,1037,SAG_BATH_01022,7400257.472000000067055,407925.891000000003260,-5.25,,,0
1039,1038,SAG_BATH_01023,7400258.206000000238419,407925.799999999988358,-4.212,,,0
1040,1039,SAG_BATH_01024,7400258.942999999970198,407925.811999999976251,-4.231,,,0
1041,1040,SAG_BATH_01025,7400259.632000000216067,407925.536000000021886,-4.144,,,0
1042,1041,SAG_BATH_01026,7400260.128999999724329,407925.380999999993946,-3.827,,,0
1043,1042,SAG_BATH_01027,7400260.629999999888241,407925.243000000016764,-3.234,,,0
1044,1043,SAG_BATH_01028,7400261.093000000342727,407924.978999999992084,-3.411,,,0
1045,1044,SAG_BATH_01029,7400261.520999999716878,407924.609999999986030,-3.347,,,0
1046,1045,SAG_BATH_01030,7400261.941999999806285,407924.295999999972992,-3.514,,,0
1047,1046,SAG_BATH_01031,7400262.589999999850988,407924.132999999972526,-3.452,,,0
1048,1047,SAG_BATH_01032,7400263.217000000178814,407924.003000000026077,-3.578,,,0
1049,1048,SAG_BATH_01033,7400263.919999999925494,407923.916000000026543,-3.645,,,0
1050,1049,SAG_BATH_01034,7400264.417000000365078,407924.015000000013970,-3.685,,,0
1051,1050,SAG_BATH_01035,7400264.917999999597669,407924.162000000011176,-3.75,,,0
1052,1051,SAG_BATH_01036,7400265.445000000298023,407924.177000000025146,-4.155,,,0
1053,1052,SAG_BATH_01037,7400266.042999999597669,407924.075000000011642,-4.769,,,0
1054,1053,SAG_BATH_01038,7400266.597000000067055,407924.026000000012573,-4.287,,,0
1055,1054,SAG_BATH_01039,7400267.298999999649823,407924.023999999975786,-3.883,,,0
1056,1055,SAG_BATH_01040,7400267.963000000454485,407923.849999999976717,-4.214,,,0
1057,1056,SAG_BATH_01041,7400268.632000000216067,407923.772999999986496,-3.963,,,0
1058,1057,SAG_BATH_01042,7400269.196999999694526,407923.836999999999534,-4.524,,,0
1059,1058,SAG_BATH_01043,7400269.833999999798834,407924.083999999973457,-5.197,,,0
1060,1059,SAG_BATH_01044,7400270.291000000201166,407924.324000000022352,-5.256,,,0
1061,1060,SAG_BATH_01045,7400270.733000000007451,407924.570999999996275,-5.38,,,0
1062,1061,SAG_BATH_01046,7400271.214999999850988,407924.819000000017695,-4.095,,,0
1063,1062,SAG_BATH_01047,7400271.705000000074506,407925.006999999983236,-4.113,,,0
1064,1063,SAG_BATH_01048,7400272.211000000126660,407925.163000000000466,-3.964,,,0
1065,1064,SAG_BATH_01049,7400272.741999999620020,407925.190000000002328,-3.859,,,0
1066,1065,SAG_BATH_01050,7400273.252999999560416,407925.052000000025146,-3.903,,,0
1067,1066,SAG_BATH_01051,7400273.759999999776483,407924.892999999981839,-3.643,,,0
1068,1067,SAG_BATH_01052,7400274.296000000089407,407924.867000000027474,-3.432,,,0
1069,1068,SAG_BATH_01053,7400274.984000000171363,407924.820000000006985,-3.431,,,0
1070,1069,SAG_BATH_01054,7400275.610999999567866,407924.772999999986496,-3.634,,,0
1071,1070,SAG_BATH_01055,7400276.220999999903142,407925.003000000026077,-3.541,,,0
1072,1071,SAG_BATH_01056,7400276.854000000283122,407925.259000000020023,-3.289,,,0
1073,1072,SAG_BATH_01057,7400277.472000000067055,407925.455000000016298,-3.521,,,0
1074,1073,SAG_BATH_01058,7400278.128999999724329,407925.514000000024680,-3.711,,,0
1075,1074,SAG_BATH_01059,7400278.870000000111759,407925.451000000000931,-3.881,,,0
1076,1075,SAG_BATH_01060,7400279.430999999865890,407925.374000000010710,-3.735,,,0
1077,1076,SAG_BATH_01061,7400279.963999999687076,407925.343999999982771,-3.954,,,0
1078,1077,SAG_BATH_01062,7400280.497999999672174,407925.266999999992549,-4.015,,,0
1079,1078,SAG_BATH_01063,7400281.015999999828637,407925.228999999992084,-4.282,,,0
1080,1079,SAG_BATH_01064,7400281.557000000029802,407925.347999999998137,-4.438,,,0
1081,1080,SAG_BATH_01065,7400282.054999999701977,407925.516999999992549,-4.654,,,0
1082,1081,SAG_BATH_01066,7400282.617999999783933,407925.580000000016298,-5.146,,,0
1083,1082,SAG_BATH_01067,7400283.222000000067055,407925.580000000016298,-5.234,,,0
1084,1083,SAG_BATH_01068,7400283.776999999769032,407925.607000000018161,-5.353,,,0
1085,1084,SAG_BATH_01069,7400284.300999999977648,407925.465000000025611,-5.585,,,0
1086,1085,SAG_BATH_01070,7400285.002000000327826,407925.260999999998603,-5.598,,,0
1087,1086,SAG_BATH_01071,7400285.640999999828637,407925.298999999999069,-4.438,,,0
1088,1087,SAG_BATH_01072,7400286.337000000290573,407925.167000000015832,-4.155,,,0
1089,1088,SAG_BATH_01073,7400286.996000000275671,407925.081000000005588,-3.91,,,0
1090,1089,SAG_BATH_01074,7400287.557000000029802,407925.129000000015367,-3.767,,,0
1091,1090,SAG_BATH_01075,7400288.229000000283122,407925.210000000020955,-3.682,,,0
1092,1091,SAG_BATH_01076,7400288.845999999903142,407925.267999999981839,-3.493,,,0
1093,1092,SAG_BATH_01077,7400289.519000000320375,407925.570999999996275,-3.438,,,0
1094,1093,SAG_BATH_01078,7400290.224999999627471,407925.740999999979977,-3.372,,,0
1095,1094,SAG_BATH_01079,7400290.752000000327826,407925.842000000004191,-3.267,,,0
1096,1095,SAG_BATH_01080,7400291.273000000044703,407926.011999999987893,-3.396,,,0
1097,1096,SAG_BATH_01081,7400291.845999999903142,407926.170999999972992,-3.27,,,0
1098,1097,SAG_BATH_01082,7400292.217000000178814,407926.625000000000000,-3.228,,,0
1099,1098,SAG_BATH_01083,7400292.634999999776483,407927.043000000005122,-3.258,,,0
